Period,Decile,Gender,Agegroup,Life_Expectancy
2011-2013,1,Male,<1      ,73.87
2011-2013,1,Male,1-4,73.38
2011-2013,1,Male,5-9,69.46
2011-2013,1,Male,10-14,64.49
2011-2013,1,Male,15-19   ,59.54
2011-2013,1,Male,20-24   ,54.66
2011-2013,1,Male,25-29   ,49.83
2011-2013,1,Male,30-34   ,45.06
2011-2013,1,Male,35-39   ,40.35
2011-2013,1,Male,40-44   ,35.78
2011-2013,1,Male,45-49   ,31.39
2011-2013,1,Male,50-54   ,27.15
2011-2013,1,Male,55-59   ,23.05
2011-2013,1,Male,60-64   ,19.21
2011-2013,1,Male,65-69   ,15.73
2011-2013,1,Male,70-74   ,12.58
2011-2013,1,Male,75-79   ,9.84
2011-2013,1,Male,80-84   ,7.41
2011-2013,1,Male,85-89   ,5.47
2011-2013,1,Male,90+     ,4.1
2011-2013,1,Female,<1      ,79.01
2011-2013,1,Female,1-4,78.41
2011-2013,1,Female,5-9,74.48
2011-2013,1,Female,10-14,69.51
2011-2013,1,Female,15-19   ,64.54
2011-2013,1,Female,20-24   ,59.59
2011-2013,1,Female,25-29   ,54.66
2011-2013,1,Female,30-34   ,49.78
2011-2013,1,Female,35-39   ,44.94
2011-2013,1,Female,40-44   ,40.18
2011-2013,1,Female,45-49   ,35.53
2011-2013,1,Female,50-54   ,31
2011-2013,1,Female,55-59   ,26.64
2011-2013,1,Female,60-64   ,22.47
2011-2013,1,Female,65-69   ,18.56
2011-2013,1,Female,70-74   ,14.97
2011-2013,1,Female,75-79   ,11.72
2011-2013,1,Female,80-84   ,8.86
2011-2013,1,Female,85-89   ,6.57
2011-2013,1,Female,90+     ,4.78
2011-2013,2,Male,<1      ,76.02
2011-2013,2,Male,1-4,75.47
2011-2013,2,Male,5-9,71.53
2011-2013,2,Male,10-14,66.57
2011-2013,2,Male,15-19   ,61.6
2011-2013,2,Male,20-24   ,56.7
2011-2013,2,Male,25-29   ,51.86
2011-2013,2,Male,30-34   ,47.02
2011-2013,2,Male,35-39   ,42.24
2011-2013,2,Male,40-44   ,37.54
2011-2013,2,Male,45-49   ,32.98
2011-2013,2,Male,50-54   ,28.53
2011-2013,2,Male,55-59   ,24.25
2011-2013,2,Male,60-64   ,20.24
2011-2013,2,Male,65-69   ,16.57
2011-2013,2,Male,70-74   ,13.24
2011-2013,2,Male,75-79   ,10.24
2011-2013,2,Male,80-84   ,7.66
2011-2013,2,Male,85-89   ,5.55
2011-2013,2,Male,90+     ,4.07
2011-2013,2,Female,<1      ,80.4
2011-2013,2,Female,1-4,79.76
2011-2013,2,Female,5-9,75.83
2011-2013,2,Female,10-14,70.86
2011-2013,2,Female,15-19   ,65.89
2011-2013,2,Female,20-24   ,60.95
2011-2013,2,Female,25-29   ,56.02
2011-2013,2,Female,30-34   ,51.1
2011-2013,2,Female,35-39   ,46.24
2011-2013,2,Female,40-44   ,41.44
2011-2013,2,Female,45-49   ,36.73
2011-2013,2,Female,50-54   ,32.12
2011-2013,2,Female,55-59   ,27.64
2011-2013,2,Female,60-64   ,23.35
2011-2013,2,Female,65-69   ,19.31
2011-2013,2,Female,70-74   ,15.5
2011-2013,2,Female,75-79   ,12.05
2011-2013,2,Female,80-84   ,9
2011-2013,2,Female,85-89   ,6.51
2011-2013,2,Female,90+     ,4.64
2011-2013,3,Male,<1      ,77.34
2011-2013,3,Male,1-4,76.74
2011-2013,3,Male,5-9,72.8
2011-2013,3,Male,10-14,67.84
2011-2013,3,Male,15-19   ,62.87
2011-2013,3,Male,20-24   ,57.97
2011-2013,3,Male,25-29   ,53.09
2011-2013,3,Male,30-34   ,48.23
2011-2013,3,Male,35-39   ,43.41
2011-2013,3,Male,40-44   ,38.7
2011-2013,3,Male,45-49   ,34.09
2011-2013,3,Male,50-54   ,29.6
2011-2013,3,Male,55-59   ,25.23
2011-2013,3,Male,60-64   ,21.13
2011-2013,3,Male,65-69   ,17.3
2011-2013,3,Male,70-74   ,13.73
2011-2013,3,Male,75-79   ,10.58
2011-2013,3,Male,80-84   ,7.86
2011-2013,3,Male,85-89   ,5.74
2011-2013,3,Male,90+     ,4.26
2011-2013,3,Female,<1      ,81.51
2011-2013,3,Female,1-4,80.84
2011-2013,3,Female,5-9,76.9
2011-2013,3,Female,10-14,71.92
2011-2013,3,Female,15-19   ,66.95
2011-2013,3,Female,20-24   ,62.01
2011-2013,3,Female,25-29   ,57.08
2011-2013,3,Female,30-34   ,52.15
2011-2013,3,Female,35-39   ,47.26
2011-2013,3,Female,40-44   ,42.43
2011-2013,3,Female,45-49   ,37.67
2011-2013,3,Female,50-54   ,33.01
2011-2013,3,Female,55-59   ,28.47
2011-2013,3,Female,60-64   ,24.12
2011-2013,3,Female,65-69   ,19.99
2011-2013,3,Female,70-74   ,16.09
2011-2013,3,Female,75-79   ,12.52
2011-2013,3,Female,80-84   ,9.33
2011-2013,3,Female,85-89   ,6.77
2011-2013,3,Female,90+     ,4.82
2011-2013,4,Male,<1      ,78.53
2011-2013,4,Male,1-4,77.9
2011-2013,4,Male,5-9,73.95
2011-2013,4,Male,10-14,68.97
2011-2013,4,Male,15-19   ,64.01
2011-2013,4,Male,20-24   ,59.1
2011-2013,4,Male,25-29   ,54.23
2011-2013,4,Male,30-34   ,49.38
2011-2013,4,Male,35-39   ,44.55
2011-2013,4,Male,40-44   ,39.77
2011-2013,4,Male,45-49   ,35.1
2011-2013,4,Male,50-54   ,30.53
2011-2013,4,Male,55-59   ,26.13
2011-2013,4,Male,60-64   ,21.92
2011-2013,4,Male,65-69   ,17.98
2011-2013,4,Male,70-74   ,14.26
2011-2013,4,Male,75-79   ,11.02
2011-2013,4,Male,80-84   ,8.16
2011-2013,4,Male,85-89   ,5.9
2011-2013,4,Male,90+     ,4.26
2011-2013,4,Female,<1      ,82.4
2011-2013,4,Female,1-4,81.69
2011-2013,4,Female,5-9,77.74
2011-2013,4,Female,10-14,72.76
2011-2013,4,Female,15-19   ,67.79
2011-2013,4,Female,20-24   ,62.83
2011-2013,4,Female,25-29   ,57.88
2011-2013,4,Female,30-34   ,52.95
2011-2013,4,Female,35-39   ,48.06
2011-2013,4,Female,40-44   ,43.2
2011-2013,4,Female,45-49   ,38.44
2011-2013,4,Female,50-54   ,33.75
2011-2013,4,Female,55-59   ,29.21
2011-2013,4,Female,60-64   ,24.83
2011-2013,4,Female,65-69   ,20.61
2011-2013,4,Female,70-74   ,16.58
2011-2013,4,Female,75-79   ,12.87
2011-2013,4,Female,80-84   ,9.61
2011-2013,4,Female,85-89   ,6.88
2011-2013,4,Female,90+     ,4.88
2011-2013,5,Male,<1      ,79.43
2011-2013,5,Male,1-4,78.76
2011-2013,5,Male,5-9,74.82
2011-2013,5,Male,10-14,69.86
2011-2013,5,Male,15-19   ,64.9
2011-2013,5,Male,20-24   ,59.98
2011-2013,5,Male,25-29   ,55.1
2011-2013,5,Male,30-34   ,50.24
2011-2013,5,Male,35-39   ,45.39
2011-2013,5,Male,40-44   ,40.62
2011-2013,5,Male,45-49   ,35.91
2011-2013,5,Male,50-54   ,31.28
2011-2013,5,Male,55-59   ,26.79
2011-2013,5,Male,60-64   ,22.48
2011-2013,5,Male,65-69   ,18.43
2011-2013,5,Male,70-74   ,14.62
2011-2013,5,Male,75-79   ,11.21
2011-2013,5,Male,80-84   ,8.23
2011-2013,5,Male,85-89   ,5.84
2011-2013,5,Male,90+     ,4.19
2011-2013,5,Female,<1      ,83.05
2011-2013,5,Female,1-4,82.31
2011-2013,5,Female,5-9,78.37
2011-2013,5,Female,10-14,73.39
2011-2013,5,Female,15-19   ,68.42
2011-2013,5,Female,20-24   ,63.48
2011-2013,5,Female,25-29   ,58.54
2011-2013,5,Female,30-34   ,53.61
2011-2013,5,Female,35-39   ,48.7
2011-2013,5,Female,40-44   ,43.85
2011-2013,5,Female,45-49   ,39.04
2011-2013,5,Female,50-54   ,34.33
2011-2013,5,Female,55-59   ,29.7
2011-2013,5,Female,60-64   ,25.23
2011-2013,5,Female,65-69   ,20.94
2011-2013,5,Female,70-74   ,16.83
2011-2013,5,Female,75-79   ,13.06
2011-2013,5,Female,80-84   ,9.67
2011-2013,5,Female,85-89   ,6.88
2011-2013,5,Female,90+     ,4.81
2011-2013,6,Male,<1      ,80.14
2011-2013,6,Male,1-4,79.46
2011-2013,6,Male,5-9,75.52
2011-2013,6,Male,10-14,70.55
2011-2013,6,Male,15-19   ,65.58
2011-2013,6,Male,20-24   ,60.67
2011-2013,6,Male,25-29   ,55.8
2011-2013,6,Male,30-34   ,50.92
2011-2013,6,Male,35-39   ,46.07
2011-2013,6,Male,40-44   ,41.26
2011-2013,6,Male,45-49   ,36.52
2011-2013,6,Male,50-54   ,31.85
2011-2013,6,Male,55-59   ,27.31
2011-2013,6,Male,60-64   ,22.95
2011-2013,6,Male,65-69   ,18.84
2011-2013,6,Male,70-74   ,14.96
2011-2013,6,Male,75-79   ,11.46
2011-2013,6,Male,80-84   ,8.36
2011-2013,6,Male,85-89   ,5.91
2011-2013,6,Male,90+     ,4.16
2011-2013,6,Female,<1      ,83.55
2011-2013,6,Female,1-4,82.8
2011-2013,6,Female,5-9,78.84
2011-2013,6,Female,10-14,73.87
2011-2013,6,Female,15-19   ,68.9
2011-2013,6,Female,20-24   ,63.94
2011-2013,6,Female,25-29   ,59.01
2011-2013,6,Female,30-34   ,54.07
2011-2013,6,Female,35-39   ,49.17
2011-2013,6,Female,40-44   ,44.29
2011-2013,6,Female,45-49   ,39.48
2011-2013,6,Female,50-54   ,34.74
2011-2013,6,Female,55-59   ,30.11
2011-2013,6,Female,60-64   ,25.62
2011-2013,6,Female,65-69   ,21.27
2011-2013,6,Female,70-74   ,17.1
2011-2013,6,Female,75-79   ,13.22
2011-2013,6,Female,80-84   ,9.75
2011-2013,6,Female,85-89   ,6.87
2011-2013,6,Female,90+     ,4.76
2011-2013,7,Male,<1      ,80.73
2011-2013,7,Male,1-4,80
2011-2013,7,Male,5-9,76.06
2011-2013,7,Male,10-14,71.09
2011-2013,7,Male,15-19   ,66.13
2011-2013,7,Male,20-24   ,61.21
2011-2013,7,Male,25-29   ,56.33
2011-2013,7,Male,30-34   ,51.46
2011-2013,7,Male,35-39   ,46.62
2011-2013,7,Male,40-44   ,41.81
2011-2013,7,Male,45-49   ,37.04
2011-2013,7,Male,50-54   ,32.37
2011-2013,7,Male,55-59   ,27.8
2011-2013,7,Male,60-64   ,23.38
2011-2013,7,Male,65-69   ,19.2
2011-2013,7,Male,70-74   ,15.24
2011-2013,7,Male,75-79   ,11.68
2011-2013,7,Male,80-84   ,8.55
2011-2013,7,Male,85-89   ,6.03
2011-2013,7,Male,90+     ,4.21
2011-2013,7,Female,<1      ,84.07
2011-2013,7,Female,1-4,83.32
2011-2013,7,Female,5-9,79.36
2011-2013,7,Female,10-14,74.39
2011-2013,7,Female,15-19   ,69.42
2011-2013,7,Female,20-24   ,64.47
2011-2013,7,Female,25-29   ,59.53
2011-2013,7,Female,30-34   ,54.59
2011-2013,7,Female,35-39   ,49.66
2011-2013,7,Female,40-44   ,44.77
2011-2013,7,Female,45-49   ,39.93
2011-2013,7,Female,50-54   ,35.17
2011-2013,7,Female,55-59   ,30.5
2011-2013,7,Female,60-64   ,25.96
2011-2013,7,Female,65-69   ,21.56
2011-2013,7,Female,70-74   ,17.36
2011-2013,7,Female,75-79   ,13.43
2011-2013,7,Female,80-84   ,9.88
2011-2013,7,Female,85-89   ,6.98
2011-2013,7,Female,90+     ,4.86
2011-2013,8,Male,<1      ,81.32
2011-2013,8,Male,1-4,80.58
2011-2013,8,Male,5-9,76.63
2011-2013,8,Male,10-14,71.65
2011-2013,8,Male,15-19   ,66.68
2011-2013,8,Male,20-24   ,61.78
2011-2013,8,Male,25-29   ,56.9
2011-2013,8,Male,30-34   ,52.02
2011-2013,8,Male,35-39   ,47.14
2011-2013,8,Male,40-44   ,42.31
2011-2013,8,Male,45-49   ,37.53
2011-2013,8,Male,50-54   ,32.82
2011-2013,8,Male,55-59   ,28.2
2011-2013,8,Male,60-64   ,23.77
2011-2013,8,Male,65-69   ,19.51
2011-2013,8,Male,70-74   ,15.51
2011-2013,8,Male,75-79   ,11.9
2011-2013,8,Male,80-84   ,8.75
2011-2013,8,Male,85-89   ,6.22
2011-2013,8,Male,90+     ,4.41
2011-2013,8,Female,<1      ,84.39
2011-2013,8,Female,1-4,83.61
2011-2013,8,Female,5-9,79.65
2011-2013,8,Female,10-14,74.69
2011-2013,8,Female,15-19   ,69.71
2011-2013,8,Female,20-24   ,64.75
2011-2013,8,Female,25-29   ,59.81
2011-2013,8,Female,30-34   ,54.87
2011-2013,8,Female,35-39   ,49.96
2011-2013,8,Female,40-44   ,45.07
2011-2013,8,Female,45-49   ,40.23
2011-2013,8,Female,50-54   ,35.44
2011-2013,8,Female,55-59   ,30.76
2011-2013,8,Female,60-64   ,26.2
2011-2013,8,Female,65-69   ,21.79
2011-2013,8,Female,70-74   ,17.56
2011-2013,8,Female,75-79   ,13.57
2011-2013,8,Female,80-84   ,9.98
2011-2013,8,Female,85-89   ,7.05
2011-2013,8,Female,90+     ,4.86
2011-2013,9,Male,<1      ,81.85
2011-2013,9,Male,1-4,81.11
2011-2013,9,Male,5-9,77.16
2011-2013,9,Male,10-14,72.18
2011-2013,9,Male,15-19   ,67.22
2011-2013,9,Male,20-24   ,62.31
2011-2013,9,Male,25-29   ,57.41
2011-2013,9,Male,30-34   ,52.53
2011-2013,9,Male,35-39   ,47.67
2011-2013,9,Male,40-44   ,42.82
2011-2013,9,Male,45-49   ,38.01
2011-2013,9,Male,50-54   ,33.26
2011-2013,9,Male,55-59   ,28.62
2011-2013,9,Male,60-64   ,24.14
2011-2013,9,Male,65-69   ,19.86
2011-2013,9,Male,70-74   ,15.79
2011-2013,9,Male,75-79   ,12.12
2011-2013,9,Male,80-84   ,8.82
2011-2013,9,Male,85-89   ,6.24
2011-2013,9,Male,90+     ,4.37
2011-2013,9,Female,<1      ,84.94
2011-2013,9,Female,1-4,84.17
2011-2013,9,Female,5-9,80.2
2011-2013,9,Female,10-14,75.23
2011-2013,9,Female,15-19   ,70.25
2011-2013,9,Female,20-24   ,65.29
2011-2013,9,Female,25-29   ,60.34
2011-2013,9,Female,30-34   ,55.41
2011-2013,9,Female,35-39   ,50.5
2011-2013,9,Female,40-44   ,45.6
2011-2013,9,Female,45-49   ,40.74
2011-2013,9,Female,50-54   ,35.95
2011-2013,9,Female,55-59   ,31.24
2011-2013,9,Female,60-64   ,26.65
2011-2013,9,Female,65-69   ,22.18
2011-2013,9,Female,70-74   ,17.9
2011-2013,9,Female,75-79   ,13.87
2011-2013,9,Female,80-84   ,10.24
2011-2013,9,Female,85-89   ,7.21
2011-2013,9,Female,90+     ,4.99
2011-2013,10,Male,<1      ,82.92
2011-2013,10,Male,1-4,82.17
2011-2013,10,Male,5-9,78.2
2011-2013,10,Male,10-14,73.22
2011-2013,10,Male,15-19   ,68.24
2011-2013,10,Male,20-24   ,63.32
2011-2013,10,Male,25-29   ,58.44
2011-2013,10,Male,30-34   ,53.55
2011-2013,10,Male,35-39   ,48.66
2011-2013,10,Male,40-44   ,43.8
2011-2013,10,Male,45-49   ,38.95
2011-2013,10,Male,50-54   ,34.16
2011-2013,10,Male,55-59   ,29.48
2011-2013,10,Male,60-64   ,24.94
2011-2013,10,Male,65-69   ,20.58
2011-2013,10,Male,70-74   ,16.44
2011-2013,10,Male,75-79   ,12.68
2011-2013,10,Male,80-84   ,9.33
2011-2013,10,Male,85-89   ,6.6
2011-2013,10,Male,90+     ,4.64
2011-2013,10,Female,<1      ,85.89
2011-2013,10,Female,1-4,85.11
2011-2013,10,Female,5-9,81.14
2011-2013,10,Female,10-14,76.16
2011-2013,10,Female,15-19   ,71.18
2011-2013,10,Female,20-24   ,66.22
2011-2013,10,Female,25-29   ,61.27
2011-2013,10,Female,30-34   ,56.34
2011-2013,10,Female,35-39   ,51.43
2011-2013,10,Female,40-44   ,46.52
2011-2013,10,Female,45-49   ,41.65
2011-2013,10,Female,50-54   ,36.83
2011-2013,10,Female,55-59   ,32.09
2011-2013,10,Female,60-64   ,27.44
2011-2013,10,Female,65-69   ,22.94
2011-2013,10,Female,70-74   ,18.59
2011-2013,10,Female,75-79   ,14.49
2011-2013,10,Female,80-84   ,10.76
2011-2013,10,Female,85-89   ,7.62
2011-2013,10,Female,90+     ,5.33
2012-2014,1,Male,<1      ,73.96
2012-2014,1,Male,1-4,73.45
2012-2014,1,Male,5-9,69.52
2012-2014,1,Male,10-14,64.56
2012-2014,1,Male,15-19   ,59.6
2012-2014,1,Male,20-24   ,54.71
2012-2014,1,Male,25-29   ,49.88
2012-2014,1,Male,30-34   ,45.1
2012-2014,1,Male,35-39   ,40.39
2012-2014,1,Male,40-44   ,35.83
2012-2014,1,Male,45-49   ,31.44
2012-2014,1,Male,50-54   ,27.2
2012-2014,1,Male,55-59   ,23.12
2012-2014,1,Male,60-64   ,19.28
2012-2014,1,Male,65-69   ,15.8
2012-2014,1,Male,70-74   ,12.58
2012-2014,1,Male,75-79   ,9.81
2012-2014,1,Male,80-84   ,7.39
2012-2014,1,Male,85-89   ,5.46
2012-2014,1,Male,90+     ,4.11
2012-2014,1,Female,<1      ,79
2012-2014,1,Female,1-4,78.41
2012-2014,1,Female,5-9,74.48
2012-2014,1,Female,10-14,69.51
2012-2014,1,Female,15-19   ,64.55
2012-2014,1,Female,20-24   ,59.6
2012-2014,1,Female,25-29   ,54.67
2012-2014,1,Female,30-34   ,49.78
2012-2014,1,Female,35-39   ,44.94
2012-2014,1,Female,40-44   ,40.2
2012-2014,1,Female,45-49   ,35.56
2012-2014,1,Female,50-54   ,31.04
2012-2014,1,Female,55-59   ,26.67
2012-2014,1,Female,60-64   ,22.5
2012-2014,1,Female,65-69   ,18.61
2012-2014,1,Female,70-74   ,15
2012-2014,1,Female,75-79   ,11.74
2012-2014,1,Female,80-84   ,8.88
2012-2014,1,Female,85-89   ,6.55
2012-2014,1,Female,90+     ,4.76
2012-2014,2,Male,<1      ,76.14
2012-2014,2,Male,1-4,75.55
2012-2014,2,Male,5-9,71.61
2012-2014,2,Male,10-14,66.64
2012-2014,2,Male,15-19   ,61.68
2012-2014,2,Male,20-24   ,56.79
2012-2014,2,Male,25-29   ,51.95
2012-2014,2,Male,30-34   ,47.12
2012-2014,2,Male,35-39   ,42.32
2012-2014,2,Male,40-44   ,37.63
2012-2014,2,Male,45-49   ,33.06
2012-2014,2,Male,50-54   ,28.63
2012-2014,2,Male,55-59   ,24.34
2012-2014,2,Male,60-64   ,20.31
2012-2014,2,Male,65-69   ,16.64
2012-2014,2,Male,70-74   ,13.29
2012-2014,2,Male,75-79   ,10.25
2012-2014,2,Male,80-84   ,7.65
2012-2014,2,Male,85-89   ,5.57
2012-2014,2,Male,90+     ,4.08
2012-2014,2,Female,<1      ,80.47
2012-2014,2,Female,1-4,79.84
2012-2014,2,Female,5-9,75.89
2012-2014,2,Female,10-14,70.92
2012-2014,2,Female,15-19   ,65.96
2012-2014,2,Female,20-24   ,61.02
2012-2014,2,Female,25-29   ,56.08
2012-2014,2,Female,30-34   ,51.16
2012-2014,2,Female,35-39   ,46.29
2012-2014,2,Female,40-44   ,41.49
2012-2014,2,Female,45-49   ,36.77
2012-2014,2,Female,50-54   ,32.16
2012-2014,2,Female,55-59   ,27.67
2012-2014,2,Female,60-64   ,23.38
2012-2014,2,Female,65-69   ,19.32
2012-2014,2,Female,70-74   ,15.51
2012-2014,2,Female,75-79   ,12.07
2012-2014,2,Female,80-84   ,9
2012-2014,2,Female,85-89   ,6.53
2012-2014,2,Female,90+     ,4.62
2012-2014,3,Male,<1      ,77.48
2012-2014,3,Male,1-4,76.82
2012-2014,3,Male,5-9,72.89
2012-2014,3,Male,10-14,67.94
2012-2014,3,Male,15-19   ,62.97
2012-2014,3,Male,20-24   ,58.07
2012-2014,3,Male,25-29   ,53.2
2012-2014,3,Male,30-34   ,48.34
2012-2014,3,Male,35-39   ,43.53
2012-2014,3,Male,40-44   ,38.81
2012-2014,3,Male,45-49   ,34.2
2012-2014,3,Male,50-54   ,29.7
2012-2014,3,Male,55-59   ,25.34
2012-2014,3,Male,60-64   ,21.21
2012-2014,3,Male,65-69   ,17.36
2012-2014,3,Male,70-74   ,13.79
2012-2014,3,Male,75-79   ,10.62
2012-2014,3,Male,80-84   ,7.89
2012-2014,3,Male,85-89   ,5.71
2012-2014,3,Male,90+     ,4.21
2012-2014,3,Female,<1      ,81.63
2012-2014,3,Female,1-4,80.92
2012-2014,3,Female,5-9,76.97
2012-2014,3,Female,10-14,72
2012-2014,3,Female,15-19   ,67.04
2012-2014,3,Female,20-24   ,62.09
2012-2014,3,Female,25-29   ,57.16
2012-2014,3,Female,30-34   ,52.24
2012-2014,3,Female,35-39   ,47.36
2012-2014,3,Female,40-44   ,42.52
2012-2014,3,Female,45-49   ,37.76
2012-2014,3,Female,50-54   ,33.1
2012-2014,3,Female,55-59   ,28.55
2012-2014,3,Female,60-64   ,24.18
2012-2014,3,Female,65-69   ,20.05
2012-2014,3,Female,70-74   ,16.09
2012-2014,3,Female,75-79   ,12.52
2012-2014,3,Female,80-84   ,9.31
2012-2014,3,Female,85-89   ,6.73
2012-2014,3,Female,90+     ,4.78
2012-2014,4,Male,<1      ,78.72
2012-2014,4,Male,1-4,78.06
2012-2014,4,Male,5-9,74.11
2012-2014,4,Male,10-14,69.14
2012-2014,4,Male,15-19   ,64.18
2012-2014,4,Male,20-24   ,59.28
2012-2014,4,Male,25-29   ,54.4
2012-2014,4,Male,30-34   ,49.55
2012-2014,4,Male,35-39   ,44.71
2012-2014,4,Male,40-44   ,39.92
2012-2014,4,Male,45-49   ,35.25
2012-2014,4,Male,50-54   ,30.69
2012-2014,4,Male,55-59   ,26.26
2012-2014,4,Male,60-64   ,22.05
2012-2014,4,Male,65-69   ,18.09
2012-2014,4,Male,70-74   ,14.37
2012-2014,4,Male,75-79   ,11.1
2012-2014,4,Male,80-84   ,8.22
2012-2014,4,Male,85-89   ,5.93
2012-2014,4,Male,90+     ,4.26
2012-2014,4,Female,<1      ,82.46
2012-2014,4,Female,1-4,81.75
2012-2014,4,Female,5-9,77.79
2012-2014,4,Female,10-14,72.82
2012-2014,4,Female,15-19   ,67.85
2012-2014,4,Female,20-24   ,62.9
2012-2014,4,Female,25-29   ,57.95
2012-2014,4,Female,30-34   ,53.03
2012-2014,4,Female,35-39   ,48.13
2012-2014,4,Female,40-44   ,43.28
2012-2014,4,Female,45-49   ,38.51
2012-2014,4,Female,50-54   ,33.81
2012-2014,4,Female,55-59   ,29.24
2012-2014,4,Female,60-64   ,24.84
2012-2014,4,Female,65-69   ,20.62
2012-2014,4,Female,70-74   ,16.57
2012-2014,4,Female,75-79   ,12.87
2012-2014,4,Female,80-84   ,9.56
2012-2014,4,Female,85-89   ,6.85
2012-2014,4,Female,90+     ,4.84
2012-2014,5,Male,<1      ,79.56
2012-2014,5,Male,1-4,78.87
2012-2014,5,Male,5-9,74.93
2012-2014,5,Male,10-14,69.97
2012-2014,5,Male,15-19   ,65
2012-2014,5,Male,20-24   ,60.09
2012-2014,5,Male,25-29   ,55.22
2012-2014,5,Male,30-34   ,50.35
2012-2014,5,Male,35-39   ,45.51
2012-2014,5,Male,40-44   ,40.74
2012-2014,5,Male,45-49   ,36.02
2012-2014,5,Male,50-54   ,31.41
2012-2014,5,Male,55-59   ,26.91
2012-2014,5,Male,60-64   ,22.57
2012-2014,5,Male,65-69   ,18.51
2012-2014,5,Male,70-74   ,14.71
2012-2014,5,Male,75-79   ,11.3
2012-2014,5,Male,80-84   ,8.29
2012-2014,5,Male,85-89   ,5.89
2012-2014,5,Male,90+     ,4.22
2012-2014,5,Female,<1      ,83.14
2012-2014,5,Female,1-4,82.41
2012-2014,5,Female,5-9,78.46
2012-2014,5,Female,10-14,73.49
2012-2014,5,Female,15-19   ,68.5
2012-2014,5,Female,20-24   ,63.57
2012-2014,5,Female,25-29   ,58.63
2012-2014,5,Female,30-34   ,53.7
2012-2014,5,Female,35-39   ,48.8
2012-2014,5,Female,40-44   ,43.95
2012-2014,5,Female,45-49   ,39.15
2012-2014,5,Female,50-54   ,34.43
2012-2014,5,Female,55-59   ,29.8
2012-2014,5,Female,60-64   ,25.32
2012-2014,5,Female,65-69   ,21.02
2012-2014,5,Female,70-74   ,16.9
2012-2014,5,Female,75-79   ,13.09
2012-2014,5,Female,80-84   ,9.7
2012-2014,5,Female,85-89   ,6.9
2012-2014,5,Female,90+     ,4.81
2012-2014,6,Male,<1      ,80.31
2012-2014,6,Male,1-4,79.6
2012-2014,6,Male,5-9,75.65
2012-2014,6,Male,10-14,70.68
2012-2014,6,Male,15-19   ,65.71
2012-2014,6,Male,20-24   ,60.8
2012-2014,6,Male,25-29   ,55.93
2012-2014,6,Male,30-34   ,51.06
2012-2014,6,Male,35-39   ,46.22
2012-2014,6,Male,40-44   ,41.41
2012-2014,6,Male,45-49   ,36.67
2012-2014,6,Male,50-54   ,32.01
2012-2014,6,Male,55-59   ,27.46
2012-2014,6,Male,60-64   ,23.09
2012-2014,6,Male,65-69   ,18.98
2012-2014,6,Male,70-74   ,15.09
2012-2014,6,Male,75-79   ,11.54
2012-2014,6,Male,80-84   ,8.42
2012-2014,6,Male,85-89   ,5.93
2012-2014,6,Male,90+     ,4.16
2012-2014,6,Female,<1      ,83.7
2012-2014,6,Female,1-4,82.94
2012-2014,6,Female,5-9,78.97
2012-2014,6,Female,10-14,74.01
2012-2014,6,Female,15-19   ,69.03
2012-2014,6,Female,20-24   ,64.08
2012-2014,6,Female,25-29   ,59.13
2012-2014,6,Female,30-34   ,54.2
2012-2014,6,Female,35-39   ,49.3
2012-2014,6,Female,40-44   ,44.42
2012-2014,6,Female,45-49   ,39.61
2012-2014,6,Female,50-54   ,34.87
2012-2014,6,Female,55-59   ,30.23
2012-2014,6,Female,60-64   ,25.72
2012-2014,6,Female,65-69   ,21.37
2012-2014,6,Female,70-74   ,17.18
2012-2014,6,Female,75-79   ,13.29
2012-2014,6,Female,80-84   ,9.79
2012-2014,6,Female,85-89   ,6.9
2012-2014,6,Female,90+     ,4.8
2012-2014,7,Male,<1      ,80.93
2012-2014,7,Male,1-4,80.19
2012-2014,7,Male,5-9,76.25
2012-2014,7,Male,10-14,71.28
2012-2014,7,Male,15-19   ,66.31
2012-2014,7,Male,20-24   ,61.39
2012-2014,7,Male,25-29   ,56.52
2012-2014,7,Male,30-34   ,51.65
2012-2014,7,Male,35-39   ,46.81
2012-2014,7,Male,40-44   ,41.99
2012-2014,7,Male,45-49   ,37.23
2012-2014,7,Male,50-54   ,32.54
2012-2014,7,Male,55-59   ,27.94
2012-2014,7,Male,60-64   ,23.52
2012-2014,7,Male,65-69   ,19.34
2012-2014,7,Male,70-74   ,15.34
2012-2014,7,Male,75-79   ,11.75
2012-2014,7,Male,80-84   ,8.61
2012-2014,7,Male,85-89   ,6.06
2012-2014,7,Male,90+     ,4.24
2012-2014,7,Female,<1      ,84.19
2012-2014,7,Female,1-4,83.43
2012-2014,7,Female,5-9,79.46
2012-2014,7,Female,10-14,74.5
2012-2014,7,Female,15-19   ,69.52
2012-2014,7,Female,20-24   ,64.57
2012-2014,7,Female,25-29   ,59.63
2012-2014,7,Female,30-34   ,54.68
2012-2014,7,Female,35-39   ,49.75
2012-2014,7,Female,40-44   ,44.87
2012-2014,7,Female,45-49   ,40.04
2012-2014,7,Female,50-54   ,35.28
2012-2014,7,Female,55-59   ,30.6
2012-2014,7,Female,60-64   ,26.06
2012-2014,7,Female,65-69   ,21.66
2012-2014,7,Female,70-74   ,17.44
2012-2014,7,Female,75-79   ,13.5
2012-2014,7,Female,80-84   ,9.95
2012-2014,7,Female,85-89   ,7.03
2012-2014,7,Female,90+     ,4.88
2012-2014,8,Male,<1      ,81.42
2012-2014,8,Male,1-4,80.68
2012-2014,8,Male,5-9,76.73
2012-2014,8,Male,10-14,71.75
2012-2014,8,Male,15-19   ,66.78
2012-2014,8,Male,20-24   ,61.88
2012-2014,8,Male,25-29   ,57
2012-2014,8,Male,30-34   ,52.13
2012-2014,8,Male,35-39   ,47.26
2012-2014,8,Male,40-44   ,42.43
2012-2014,8,Male,45-49   ,37.64
2012-2014,8,Male,50-54   ,32.93
2012-2014,8,Male,55-59   ,28.31
2012-2014,8,Male,60-64   ,23.87
2012-2014,8,Male,65-69   ,19.61
2012-2014,8,Male,70-74   ,15.6
2012-2014,8,Male,75-79   ,11.96
2012-2014,8,Male,80-84   ,8.76
2012-2014,8,Male,85-89   ,6.23
2012-2014,8,Male,90+     ,4.41
2012-2014,8,Female,<1      ,84.52
2012-2014,8,Female,1-4,83.75
2012-2014,8,Female,5-9,79.78
2012-2014,8,Female,10-14,74.8
2012-2014,8,Female,15-19   ,69.82
2012-2014,8,Female,20-24   ,64.87
2012-2014,8,Female,25-29   ,59.93
2012-2014,8,Female,30-34   ,54.99
2012-2014,8,Female,35-39   ,50.07
2012-2014,8,Female,40-44   ,45.18
2012-2014,8,Female,45-49   ,40.34
2012-2014,8,Female,50-54   ,35.55
2012-2014,8,Female,55-59   ,30.87
2012-2014,8,Female,60-64   ,26.31
2012-2014,8,Female,65-69   ,21.89
2012-2014,8,Female,70-74   ,17.65
2012-2014,8,Female,75-79   ,13.65
2012-2014,8,Female,80-84   ,10.05
2012-2014,8,Female,85-89   ,7.07
2012-2014,8,Female,90+     ,4.86
2012-2014,9,Male,<1      ,81.99
2012-2014,9,Male,1-4,81.24
2012-2014,9,Male,5-9,77.29
2012-2014,9,Male,10-14,72.31
2012-2014,9,Male,15-19   ,67.35
2012-2014,9,Male,20-24   ,62.43
2012-2014,9,Male,25-29   ,57.54
2012-2014,9,Male,30-34   ,52.65
2012-2014,9,Male,35-39   ,47.79
2012-2014,9,Male,40-44   ,42.93
2012-2014,9,Male,45-49   ,38.13
2012-2014,9,Male,50-54   ,33.38
2012-2014,9,Male,55-59   ,28.74
2012-2014,9,Male,60-64   ,24.25
2012-2014,9,Male,65-69   ,19.96
2012-2014,9,Male,70-74   ,15.88
2012-2014,9,Male,75-79   ,12.18
2012-2014,9,Male,80-84   ,8.89
2012-2014,9,Male,85-89   ,6.26
2012-2014,9,Male,90+     ,4.35
2012-2014,9,Female,<1      ,85.01
2012-2014,9,Female,1-4,84.25
2012-2014,9,Female,5-9,80.28
2012-2014,9,Female,10-14,75.31
2012-2014,9,Female,15-19   ,70.33
2012-2014,9,Female,20-24   ,65.37
2012-2014,9,Female,25-29   ,60.44
2012-2014,9,Female,30-34   ,55.5
2012-2014,9,Female,35-39   ,50.6
2012-2014,9,Female,40-44   ,45.71
2012-2014,9,Female,45-49   ,40.86
2012-2014,9,Female,50-54   ,36.06
2012-2014,9,Female,55-59   ,31.35
2012-2014,9,Female,60-64   ,26.75
2012-2014,9,Female,65-69   ,22.27
2012-2014,9,Female,70-74   ,17.97
2012-2014,9,Female,75-79   ,13.94
2012-2014,9,Female,80-84   ,10.28
2012-2014,9,Female,85-89   ,7.24
2012-2014,9,Female,90+     ,5
2012-2014,10,Male,<1      ,83.06
2012-2014,10,Male,1-4,82.31
2012-2014,10,Male,5-9,78.34
2012-2014,10,Male,10-14,73.36
2012-2014,10,Male,15-19   ,68.38
2012-2014,10,Male,20-24   ,63.45
2012-2014,10,Male,25-29   ,58.57
2012-2014,10,Male,30-34   ,53.68
2012-2014,10,Male,35-39   ,48.8
2012-2014,10,Male,40-44   ,43.92
2012-2014,10,Male,45-49   ,39.08
2012-2014,10,Male,50-54   ,34.29
2012-2014,10,Male,55-59   ,29.61
2012-2014,10,Male,60-64   ,25.06
2012-2014,10,Male,65-69   ,20.7
2012-2014,10,Male,70-74   ,16.54
2012-2014,10,Male,75-79   ,12.77
2012-2014,10,Male,80-84   ,9.38
2012-2014,10,Male,85-89   ,6.66
2012-2014,10,Male,90+     ,4.75
2012-2014,10,Female,<1      ,85.99
2012-2014,10,Female,1-4,85.22
2012-2014,10,Female,5-9,81.26
2012-2014,10,Female,10-14,76.28
2012-2014,10,Female,15-19   ,71.3
2012-2014,10,Female,20-24   ,66.34
2012-2014,10,Female,25-29   ,61.39
2012-2014,10,Female,30-34   ,56.46
2012-2014,10,Female,35-39   ,51.54
2012-2014,10,Female,40-44   ,46.65
2012-2014,10,Female,45-49   ,41.77
2012-2014,10,Female,50-54   ,36.95
2012-2014,10,Female,55-59   ,32.2
2012-2014,10,Female,60-64   ,27.55
2012-2014,10,Female,65-69   ,23.03
2012-2014,10,Female,70-74   ,18.66
2012-2014,10,Female,75-79   ,14.56
2012-2014,10,Female,80-84   ,10.82
2012-2014,10,Female,85-89   ,7.69
2012-2014,10,Female,90+     ,5.38
2013-2015,1,Male,<1      ,73.96
2013-2015,1,Male,1-4,73.44
2013-2015,1,Male,5-9,69.51
2013-2015,1,Male,10-14,64.54
2013-2015,1,Male,15-19   ,59.59
2013-2015,1,Male,20-24   ,54.69
2013-2015,1,Male,25-29   ,49.86
2013-2015,1,Male,30-34   ,45.08
2013-2015,1,Male,35-39   ,40.37
2013-2015,1,Male,40-44   ,35.81
2013-2015,1,Male,45-49   ,31.42
2013-2015,1,Male,50-54   ,27.18
2013-2015,1,Male,55-59   ,23.1
2013-2015,1,Male,60-64   ,19.25
2013-2015,1,Male,65-69   ,15.78
2013-2015,1,Male,70-74   ,12.57
2013-2015,1,Male,75-79   ,9.79
2013-2015,1,Male,80-84   ,7.38
2013-2015,1,Male,85-89   ,5.41
2013-2015,1,Male,90+     ,4.01
2013-2015,1,Female,<1      ,78.86
2013-2015,1,Female,1-4,78.28
2013-2015,1,Female,5-9,74.34
2013-2015,1,Female,10-14,69.38
2013-2015,1,Female,15-19   ,64.42
2013-2015,1,Female,20-24   ,59.48
2013-2015,1,Female,25-29   ,54.56
2013-2015,1,Female,30-34   ,49.66
2013-2015,1,Female,35-39   ,44.83
2013-2015,1,Female,40-44   ,40.1
2013-2015,1,Female,45-49   ,35.47
2013-2015,1,Female,50-54   ,30.96
2013-2015,1,Female,55-59   ,26.61
2013-2015,1,Female,60-64   ,22.41
2013-2015,1,Female,65-69   ,18.51
2013-2015,1,Female,70-74   ,14.9
2013-2015,1,Female,75-79   ,11.62
2013-2015,1,Female,80-84   ,8.76
2013-2015,1,Female,85-89   ,6.45
2013-2015,1,Female,90+     ,4.66
2013-2015,2,Male,<1      ,76.07
2013-2015,2,Male,1-4,75.47
2013-2015,2,Male,5-9,71.52
2013-2015,2,Male,10-14,66.57
2013-2015,2,Male,15-19   ,61.61
2013-2015,2,Male,20-24   ,56.71
2013-2015,2,Male,25-29   ,51.87
2013-2015,2,Male,30-34   ,47.05
2013-2015,2,Male,35-39   ,42.26
2013-2015,2,Male,40-44   ,37.56
2013-2015,2,Male,45-49   ,32.99
2013-2015,2,Male,50-54   ,28.58
2013-2015,2,Male,55-59   ,24.31
2013-2015,2,Male,60-64   ,20.29
2013-2015,2,Male,65-69   ,16.61
2013-2015,2,Male,70-74   ,13.21
2013-2015,2,Male,75-79   ,10.18
2013-2015,2,Male,80-84   ,7.57
2013-2015,2,Male,85-89   ,5.52
2013-2015,2,Male,90+     ,4.02
2013-2015,2,Female,<1      ,80.36
2013-2015,2,Female,1-4,79.72
2013-2015,2,Female,5-9,75.78
2013-2015,2,Female,10-14,70.81
2013-2015,2,Female,15-19   ,65.85
2013-2015,2,Female,20-24   ,60.9
2013-2015,2,Female,25-29   ,55.96
2013-2015,2,Female,30-34   ,51.05
2013-2015,2,Female,35-39   ,46.18
2013-2015,2,Female,40-44   ,41.37
2013-2015,2,Female,45-49   ,36.67
2013-2015,2,Female,50-54   ,32.06
2013-2015,2,Female,55-59   ,27.57
2013-2015,2,Female,60-64   ,23.27
2013-2015,2,Female,65-69   ,19.22
2013-2015,2,Female,70-74   ,15.43
2013-2015,2,Female,75-79   ,11.98
2013-2015,2,Female,80-84   ,8.91
2013-2015,2,Female,85-89   ,6.4
2013-2015,2,Female,90+     ,4.48
2013-2015,3,Male,<1      ,77.41
2013-2015,3,Male,1-4,76.76
2013-2015,3,Male,5-9,72.82
2013-2015,3,Male,10-14,67.86
2013-2015,3,Male,15-19   ,62.9
2013-2015,3,Male,20-24   ,58
2013-2015,3,Male,25-29   ,53.13
2013-2015,3,Male,30-34   ,48.28
2013-2015,3,Male,35-39   ,43.47
2013-2015,3,Male,40-44   ,38.75
2013-2015,3,Male,45-49   ,34.14
2013-2015,3,Male,50-54   ,29.64
2013-2015,3,Male,55-59   ,25.3
2013-2015,3,Male,60-64   ,21.16
2013-2015,3,Male,65-69   ,17.33
2013-2015,3,Male,70-74   ,13.75
2013-2015,3,Male,75-79   ,10.57
2013-2015,3,Male,80-84   ,7.83
2013-2015,3,Male,85-89   ,5.64
2013-2015,3,Male,90+     ,4.15
2013-2015,3,Female,<1      ,81.65
2013-2015,3,Female,1-4,80.92
2013-2015,3,Female,5-9,76.97
2013-2015,3,Female,10-14,71.99
2013-2015,3,Female,15-19   ,67.03
2013-2015,3,Female,20-24   ,62.09
2013-2015,3,Female,25-29   ,57.15
2013-2015,3,Female,30-34   ,52.23
2013-2015,3,Female,35-39   ,47.33
2013-2015,3,Female,40-44   ,42.51
2013-2015,3,Female,45-49   ,37.75
2013-2015,3,Female,50-54   ,33.09
2013-2015,3,Female,55-59   ,28.54
2013-2015,3,Female,60-64   ,24.13
2013-2015,3,Female,65-69   ,20
2013-2015,3,Female,70-74   ,16.03
2013-2015,3,Female,75-79   ,12.45
2013-2015,3,Female,80-84   ,9.2
2013-2015,3,Female,85-89   ,6.65
2013-2015,3,Female,90+     ,4.67
2013-2015,4,Male,<1      ,78.7
2013-2015,4,Male,1-4,78.05
2013-2015,4,Male,5-9,74.1
2013-2015,4,Male,10-14,69.12
2013-2015,4,Male,15-19   ,64.15
2013-2015,4,Male,20-24   ,59.26
2013-2015,4,Male,25-29   ,54.38
2013-2015,4,Male,30-34   ,49.54
2013-2015,4,Male,35-39   ,44.7
2013-2015,4,Male,40-44   ,39.93
2013-2015,4,Male,45-49   ,35.27
2013-2015,4,Male,50-54   ,30.71
2013-2015,4,Male,55-59   ,26.28
2013-2015,4,Male,60-64   ,22.07
2013-2015,4,Male,65-69   ,18.11
2013-2015,4,Male,70-74   ,14.39
2013-2015,4,Male,75-79   ,11.08
2013-2015,4,Male,80-84   ,8.18
2013-2015,4,Male,85-89   ,5.88
2013-2015,4,Male,90+     ,4.2
2013-2015,4,Female,<1      ,82.46
2013-2015,4,Female,1-4,81.74
2013-2015,4,Female,5-9,77.79
2013-2015,4,Female,10-14,72.82
2013-2015,4,Female,15-19   ,67.85
2013-2015,4,Female,20-24   ,62.9
2013-2015,4,Female,25-29   ,57.95
2013-2015,4,Female,30-34   ,53.03
2013-2015,4,Female,35-39   ,48.13
2013-2015,4,Female,40-44   ,43.29
2013-2015,4,Female,45-49   ,38.51
2013-2015,4,Female,50-54   ,33.82
2013-2015,4,Female,55-59   ,29.24
2013-2015,4,Female,60-64   ,24.81
2013-2015,4,Female,65-69   ,20.57
2013-2015,4,Female,70-74   ,16.52
2013-2015,4,Female,75-79   ,12.83
2013-2015,4,Female,80-84   ,9.49
2013-2015,4,Female,85-89   ,6.77
2013-2015,4,Female,90+     ,4.74
2013-2015,5,Male,<1      ,79.59
2013-2015,5,Male,1-4,78.9
2013-2015,5,Male,5-9,74.94
2013-2015,5,Male,10-14,69.98
2013-2015,5,Male,15-19   ,65.01
2013-2015,5,Male,20-24   ,60.11
2013-2015,5,Male,25-29   ,55.24
2013-2015,5,Male,30-34   ,50.37
2013-2015,5,Male,35-39   ,45.53
2013-2015,5,Male,40-44   ,40.76
2013-2015,5,Male,45-49   ,36.05
2013-2015,5,Male,50-54   ,31.44
2013-2015,5,Male,55-59   ,26.94
2013-2015,5,Male,60-64   ,22.61
2013-2015,5,Male,65-69   ,18.55
2013-2015,5,Male,70-74   ,14.74
2013-2015,5,Male,75-79   ,11.29
2013-2015,5,Male,80-84   ,8.27
2013-2015,5,Male,85-89   ,5.88
2013-2015,5,Male,90+     ,4.17
2013-2015,5,Female,<1      ,83.13
2013-2015,5,Female,1-4,82.4
2013-2015,5,Female,5-9,78.45
2013-2015,5,Female,10-14,73.48
2013-2015,5,Female,15-19   ,68.49
2013-2015,5,Female,20-24   ,63.56
2013-2015,5,Female,25-29   ,58.64
2013-2015,5,Female,30-34   ,53.71
2013-2015,5,Female,35-39   ,48.81
2013-2015,5,Female,40-44   ,43.94
2013-2015,5,Female,45-49   ,39.14
2013-2015,5,Female,50-54   ,34.43
2013-2015,5,Female,55-59   ,29.8
2013-2015,5,Female,60-64   ,25.31
2013-2015,5,Female,65-69   ,20.99
2013-2015,5,Female,70-74   ,16.86
2013-2015,5,Female,75-79   ,13.04
2013-2015,5,Female,80-84   ,9.64
2013-2015,5,Female,85-89   ,6.82
2013-2015,5,Female,90+     ,4.74
2013-2015,6,Male,<1      ,80.4
2013-2015,6,Male,1-4,79.67
2013-2015,6,Male,5-9,75.71
2013-2015,6,Male,10-14,70.74
2013-2015,6,Male,15-19   ,65.77
2013-2015,6,Male,20-24   ,60.87
2013-2015,6,Male,25-29   ,55.99
2013-2015,6,Male,30-34   ,51.13
2013-2015,6,Male,35-39   ,46.28
2013-2015,6,Male,40-44   ,41.48
2013-2015,6,Male,45-49   ,36.75
2013-2015,6,Male,50-54   ,32.09
2013-2015,6,Male,55-59   ,27.53
2013-2015,6,Male,60-64   ,23.17
2013-2015,6,Male,65-69   ,19.05
2013-2015,6,Male,70-74   ,15.14
2013-2015,6,Male,75-79   ,11.59
2013-2015,6,Male,80-84   ,8.46
2013-2015,6,Male,85-89   ,5.95
2013-2015,6,Male,90+     ,4.15
2013-2015,6,Female,<1      ,83.64
2013-2015,6,Female,1-4,82.88
2013-2015,6,Female,5-9,78.91
2013-2015,6,Female,10-14,73.94
2013-2015,6,Female,15-19   ,68.97
2013-2015,6,Female,20-24   ,64.03
2013-2015,6,Female,25-29   ,59.08
2013-2015,6,Female,30-34   ,54.15
2013-2015,6,Female,35-39   ,49.26
2013-2015,6,Female,40-44   ,44.38
2013-2015,6,Female,45-49   ,39.57
2013-2015,6,Female,50-54   ,34.84
2013-2015,6,Female,55-59   ,30.19
2013-2015,6,Female,60-64   ,25.66
2013-2015,6,Female,65-69   ,21.31
2013-2015,6,Female,70-74   ,17.13
2013-2015,6,Female,75-79   ,13.24
2013-2015,6,Female,80-84   ,9.73
2013-2015,6,Female,85-89   ,6.83
2013-2015,6,Female,90+     ,4.69
2013-2015,7,Male,<1      ,81
2013-2015,7,Male,1-4,80.28
2013-2015,7,Male,5-9,76.34
2013-2015,7,Male,10-14,71.37
2013-2015,7,Male,15-19   ,66.4
2013-2015,7,Male,20-24   ,61.48
2013-2015,7,Male,25-29   ,56.61
2013-2015,7,Male,30-34   ,51.74
2013-2015,7,Male,35-39   ,46.9
2013-2015,7,Male,40-44   ,42.07
2013-2015,7,Male,45-49   ,37.31
2013-2015,7,Male,50-54   ,32.61
2013-2015,7,Male,55-59   ,28.02
2013-2015,7,Male,60-64   ,23.59
2013-2015,7,Male,65-69   ,19.41
2013-2015,7,Male,70-74   ,15.4
2013-2015,7,Male,75-79   ,11.76
2013-2015,7,Male,80-84   ,8.58
2013-2015,7,Male,85-89   ,6.01
2013-2015,7,Male,90+     ,4.18
2013-2015,7,Female,<1      ,84.24
2013-2015,7,Female,1-4,83.45
2013-2015,7,Female,5-9,79.49
2013-2015,7,Female,10-14,74.52
2013-2015,7,Female,15-19   ,69.54
2013-2015,7,Female,20-24   ,64.6
2013-2015,7,Female,25-29   ,59.65
2013-2015,7,Female,30-34   ,54.71
2013-2015,7,Female,35-39   ,49.78
2013-2015,7,Female,40-44   ,44.91
2013-2015,7,Female,45-49   ,40.09
2013-2015,7,Female,50-54   ,35.32
2013-2015,7,Female,55-59   ,30.64
2013-2015,7,Female,60-64   ,26.09
2013-2015,7,Female,65-69   ,21.68
2013-2015,7,Female,70-74   ,17.44
2013-2015,7,Female,75-79   ,13.47
2013-2015,7,Female,80-84   ,9.9
2013-2015,7,Female,85-89   ,6.97
2013-2015,7,Female,90+     ,4.77
2013-2015,8,Male,<1      ,81.44
2013-2015,8,Male,1-4,80.71
2013-2015,8,Male,5-9,76.76
2013-2015,8,Male,10-14,71.78
2013-2015,8,Male,15-19   ,66.81
2013-2015,8,Male,20-24   ,61.91
2013-2015,8,Male,25-29   ,57.02
2013-2015,8,Male,30-34   ,52.14
2013-2015,8,Male,35-39   ,47.28
2013-2015,8,Male,40-44   ,42.46
2013-2015,8,Male,45-49   ,37.68
2013-2015,8,Male,50-54   ,32.96
2013-2015,8,Male,55-59   ,28.34
2013-2015,8,Male,60-64   ,23.87
2013-2015,8,Male,65-69   ,19.63
2013-2015,8,Male,70-74   ,15.62
2013-2015,8,Male,75-79   ,11.96
2013-2015,8,Male,80-84   ,8.74
2013-2015,8,Male,85-89   ,6.18
2013-2015,8,Male,90+     ,4.31
2013-2015,8,Female,<1      ,84.55
2013-2015,8,Female,1-4,83.78
2013-2015,8,Female,5-9,79.81
2013-2015,8,Female,10-14,74.84
2013-2015,8,Female,15-19   ,69.86
2013-2015,8,Female,20-24   ,64.92
2013-2015,8,Female,25-29   ,59.98
2013-2015,8,Female,30-34   ,55.04
2013-2015,8,Female,35-39   ,50.13
2013-2015,8,Female,40-44   ,45.24
2013-2015,8,Female,45-49   ,40.39
2013-2015,8,Female,50-54   ,35.61
2013-2015,8,Female,55-59   ,30.93
2013-2015,8,Female,60-64   ,26.34
2013-2015,8,Female,65-69   ,21.9
2013-2015,8,Female,70-74   ,17.65
2013-2015,8,Female,75-79   ,13.63
2013-2015,8,Female,80-84   ,10.04
2013-2015,8,Female,85-89   ,7.04
2013-2015,8,Female,90+     ,4.8
2013-2015,9,Male,<1      ,82.07
2013-2015,9,Male,1-4,81.3
2013-2015,9,Male,5-9,77.35
2013-2015,9,Male,10-14,72.37
2013-2015,9,Male,15-19   ,67.41
2013-2015,9,Male,20-24   ,62.48
2013-2015,9,Male,25-29   ,57.6
2013-2015,9,Male,30-34   ,52.71
2013-2015,9,Male,35-39   ,47.85
2013-2015,9,Male,40-44   ,42.99
2013-2015,9,Male,45-49   ,38.18
2013-2015,9,Male,50-54   ,33.42
2013-2015,9,Male,55-59   ,28.78
2013-2015,9,Male,60-64   ,24.28
2013-2015,9,Male,65-69   ,19.97
2013-2015,9,Male,70-74   ,15.9
2013-2015,9,Male,75-79   ,12.18
2013-2015,9,Male,80-84   ,8.89
2013-2015,9,Male,85-89   ,6.25
2013-2015,9,Male,90+     ,4.32
2013-2015,9,Female,<1      ,85.06
2013-2015,9,Female,1-4,84.27
2013-2015,9,Female,5-9,80.31
2013-2015,9,Female,10-14,75.34
2013-2015,9,Female,15-19   ,70.35
2013-2015,9,Female,20-24   ,65.4
2013-2015,9,Female,25-29   ,60.46
2013-2015,9,Female,30-34   ,55.51
2013-2015,9,Female,35-39   ,50.6
2013-2015,9,Female,40-44   ,45.71
2013-2015,9,Female,45-49   ,40.86
2013-2015,9,Female,50-54   ,36.05
2013-2015,9,Female,55-59   ,31.35
2013-2015,9,Female,60-64   ,26.74
2013-2015,9,Female,65-69   ,22.26
2013-2015,9,Female,70-74   ,17.94
2013-2015,9,Female,75-79   ,13.9
2013-2015,9,Female,80-84   ,10.24
2013-2015,9,Female,85-89   ,7.19
2013-2015,9,Female,90+     ,4.9
2013-2015,10,Male,<1      ,83.12
2013-2015,10,Male,1-4,82.35
2013-2015,10,Male,5-9,78.39
2013-2015,10,Male,10-14,73.41
2013-2015,10,Male,15-19   ,68.43
2013-2015,10,Male,20-24   ,63.5
2013-2015,10,Male,25-29   ,58.63
2013-2015,10,Male,30-34   ,53.74
2013-2015,10,Male,35-39   ,48.86
2013-2015,10,Male,40-44   ,43.99
2013-2015,10,Male,45-49   ,39.15
2013-2015,10,Male,50-54   ,34.37
2013-2015,10,Male,55-59   ,29.69
2013-2015,10,Male,60-64   ,25.13
2013-2015,10,Male,65-69   ,20.77
2013-2015,10,Male,70-74   ,16.6
2013-2015,10,Male,75-79   ,12.8
2013-2015,10,Male,80-84   ,9.4
2013-2015,10,Male,85-89   ,6.65
2013-2015,10,Male,90+     ,4.69
2013-2015,10,Female,<1      ,86.07
2013-2015,10,Female,1-4,85.3
2013-2015,10,Female,5-9,81.33
2013-2015,10,Female,10-14,76.35
2013-2015,10,Female,15-19   ,71.38
2013-2015,10,Female,20-24   ,66.41
2013-2015,10,Female,25-29   ,61.47
2013-2015,10,Female,30-34   ,56.54
2013-2015,10,Female,35-39   ,51.63
2013-2015,10,Female,40-44   ,46.72
2013-2015,10,Female,45-49   ,41.85
2013-2015,10,Female,50-54   ,37.02
2013-2015,10,Female,55-59   ,32.26
2013-2015,10,Female,60-64   ,27.62
2013-2015,10,Female,65-69   ,23.09
2013-2015,10,Female,70-74   ,18.72
2013-2015,10,Female,75-79   ,14.6
2013-2015,10,Female,80-84   ,10.82
2013-2015,10,Female,85-89   ,7.67
2013-2015,10,Female,90+     ,5.35
2014-2016,1,Male,<1      ,73.94
2014-2016,1,Male,1-4,73.42
2014-2016,1,Male,5-9,69.49
2014-2016,1,Male,10-14,64.53
2014-2016,1,Male,15-19   ,59.57
2014-2016,1,Male,20-24   ,54.67
2014-2016,1,Male,25-29   ,49.85
2014-2016,1,Male,30-34   ,45.08
2014-2016,1,Male,35-39   ,40.37
2014-2016,1,Male,40-44   ,35.8
2014-2016,1,Male,45-49   ,31.42
2014-2016,1,Male,50-54   ,27.18
2014-2016,1,Male,55-59   ,23.1
2014-2016,1,Male,60-64   ,19.26
2014-2016,1,Male,65-69   ,15.78
2014-2016,1,Male,70-74   ,12.58
2014-2016,1,Male,75-79   ,9.81
2014-2016,1,Male,80-84   ,7.42
2014-2016,1,Male,85-89   ,5.46
2014-2016,1,Male,90+     ,4.07
2014-2016,1,Female,<1      ,78.8
2014-2016,1,Female,1-4,78.23
2014-2016,1,Female,5-9,74.3
2014-2016,1,Female,10-14,69.33
2014-2016,1,Female,15-19   ,64.37
2014-2016,1,Female,20-24   ,59.43
2014-2016,1,Female,25-29   ,54.51
2014-2016,1,Female,30-34   ,49.62
2014-2016,1,Female,35-39   ,44.79
2014-2016,1,Female,40-44   ,40.06
2014-2016,1,Female,45-49   ,35.43
2014-2016,1,Female,50-54   ,30.95
2014-2016,1,Female,55-59   ,26.59
2014-2016,1,Female,60-64   ,22.41
2014-2016,1,Female,65-69   ,18.54
2014-2016,1,Female,70-74   ,14.93
2014-2016,1,Female,75-79   ,11.67
2014-2016,1,Female,80-84   ,8.81
2014-2016,1,Female,85-89   ,6.45
2014-2016,1,Female,90+     ,4.67
2014-2016,2,Male,<1      ,76.08
2014-2016,2,Male,1-4,75.47
2014-2016,2,Male,5-9,71.53
2014-2016,2,Male,10-14,66.57
2014-2016,2,Male,15-19   ,61.61
2014-2016,2,Male,20-24   ,56.71
2014-2016,2,Male,25-29   ,51.88
2014-2016,2,Male,30-34   ,47.06
2014-2016,2,Male,35-39   ,42.28
2014-2016,2,Male,40-44   ,37.57
2014-2016,2,Male,45-49   ,33.01
2014-2016,2,Male,50-54   ,28.6
2014-2016,2,Male,55-59   ,24.35
2014-2016,2,Male,60-64   ,20.34
2014-2016,2,Male,65-69   ,16.62
2014-2016,2,Male,70-74   ,13.21
2014-2016,2,Male,75-79   ,10.19
2014-2016,2,Male,80-84   ,7.59
2014-2016,2,Male,85-89   ,5.52
2014-2016,2,Male,90+     ,3.98
2014-2016,2,Female,<1      ,80.38
2014-2016,2,Female,1-4,79.74
2014-2016,2,Female,5-9,75.79
2014-2016,2,Female,10-14,70.82
2014-2016,2,Female,15-19   ,65.86
2014-2016,2,Female,20-24   ,60.91
2014-2016,2,Female,25-29   ,55.98
2014-2016,2,Female,30-34   ,51.07
2014-2016,2,Female,35-39   ,46.2
2014-2016,2,Female,40-44   ,41.39
2014-2016,2,Female,45-49   ,36.68
2014-2016,2,Female,50-54   ,32.07
2014-2016,2,Female,55-59   ,27.59
2014-2016,2,Female,60-64   ,23.28
2014-2016,2,Female,65-69   ,19.22
2014-2016,2,Female,70-74   ,15.42
2014-2016,2,Female,75-79   ,11.98
2014-2016,2,Female,80-84   ,8.93
2014-2016,2,Female,85-89   ,6.41
2014-2016,2,Female,90+     ,4.49
2014-2016,3,Male,<1      ,77.45
2014-2016,3,Male,1-4,76.78
2014-2016,3,Male,5-9,72.85
2014-2016,3,Male,10-14,67.88
2014-2016,3,Male,15-19   ,62.92
2014-2016,3,Male,20-24   ,58.01
2014-2016,3,Male,25-29   ,53.16
2014-2016,3,Male,30-34   ,48.3
2014-2016,3,Male,35-39   ,43.5
2014-2016,3,Male,40-44   ,38.76
2014-2016,3,Male,45-49   ,34.14
2014-2016,3,Male,50-54   ,29.65
2014-2016,3,Male,55-59   ,25.33
2014-2016,3,Male,60-64   ,21.18
2014-2016,3,Male,65-69   ,17.35
2014-2016,3,Male,70-74   ,13.81
2014-2016,3,Male,75-79   ,10.64
2014-2016,3,Male,80-84   ,7.89
2014-2016,3,Male,85-89   ,5.68
2014-2016,3,Male,90+     ,4.13
2014-2016,3,Female,<1      ,81.64
2014-2016,3,Female,1-4,80.91
2014-2016,3,Female,5-9,76.95
2014-2016,3,Female,10-14,71.98
2014-2016,3,Female,15-19   ,67.02
2014-2016,3,Female,20-24   ,62.07
2014-2016,3,Female,25-29   ,57.13
2014-2016,3,Female,30-34   ,52.21
2014-2016,3,Female,35-39   ,47.32
2014-2016,3,Female,40-44   ,42.5
2014-2016,3,Female,45-49   ,37.74
2014-2016,3,Female,50-54   ,33.07
2014-2016,3,Female,55-59   ,28.53
2014-2016,3,Female,60-64   ,24.15
2014-2016,3,Female,65-69   ,20.01
2014-2016,3,Female,70-74   ,16.04
2014-2016,3,Female,75-79   ,12.47
2014-2016,3,Female,80-84   ,9.22
2014-2016,3,Female,85-89   ,6.64
2014-2016,3,Female,90+     ,4.67
2014-2016,4,Male,<1      ,78.81
2014-2016,4,Male,1-4,78.14
2014-2016,4,Male,5-9,74.19
2014-2016,4,Male,10-14,69.22
2014-2016,4,Male,15-19   ,64.26
2014-2016,4,Male,20-24   ,59.36
2014-2016,4,Male,25-29   ,54.47
2014-2016,4,Male,30-34   ,49.61
2014-2016,4,Male,35-39   ,44.79
2014-2016,4,Male,40-44   ,40.01
2014-2016,4,Male,45-49   ,35.36
2014-2016,4,Male,50-54   ,30.8
2014-2016,4,Male,55-59   ,26.35
2014-2016,4,Male,60-64   ,22.13
2014-2016,4,Male,65-69   ,18.17
2014-2016,4,Male,70-74   ,14.46
2014-2016,4,Male,75-79   ,11.11
2014-2016,4,Male,80-84   ,8.22
2014-2016,4,Male,85-89   ,5.88
2014-2016,4,Male,90+     ,4.21
2014-2016,4,Female,<1      ,82.48
2014-2016,4,Female,1-4,81.76
2014-2016,4,Female,5-9,77.82
2014-2016,4,Female,10-14,72.85
2014-2016,4,Female,15-19   ,67.88
2014-2016,4,Female,20-24   ,62.93
2014-2016,4,Female,25-29   ,57.99
2014-2016,4,Female,30-34   ,53.07
2014-2016,4,Female,35-39   ,48.17
2014-2016,4,Female,40-44   ,43.32
2014-2016,4,Female,45-49   ,38.55
2014-2016,4,Female,50-54   ,33.85
2014-2016,4,Female,55-59   ,29.28
2014-2016,4,Female,60-64   ,24.82
2014-2016,4,Female,65-69   ,20.59
2014-2016,4,Female,70-74   ,16.56
2014-2016,4,Female,75-79   ,12.85
2014-2016,4,Female,80-84   ,9.54
2014-2016,4,Female,85-89   ,6.81
2014-2016,4,Female,90+     ,4.76
2014-2016,5,Male,<1      ,79.69
2014-2016,5,Male,1-4,79
2014-2016,5,Male,5-9,75.04
2014-2016,5,Male,10-14,70.07
2014-2016,5,Male,15-19   ,65.11
2014-2016,5,Male,20-24   ,60.21
2014-2016,5,Male,25-29   ,55.35
2014-2016,5,Male,30-34   ,50.48
2014-2016,5,Male,35-39   ,45.66
2014-2016,5,Male,40-44   ,40.86
2014-2016,5,Male,45-49   ,36.16
2014-2016,5,Male,50-54   ,31.55
2014-2016,5,Male,55-59   ,27.06
2014-2016,5,Male,60-64   ,22.75
2014-2016,5,Male,65-69   ,18.68
2014-2016,5,Male,70-74   ,14.85
2014-2016,5,Male,75-79   ,11.38
2014-2016,5,Male,80-84   ,8.35
2014-2016,5,Male,85-89   ,5.94
2014-2016,5,Male,90+     ,4.15
2014-2016,5,Female,<1      ,83.14
2014-2016,5,Female,1-4,82.42
2014-2016,5,Female,5-9,78.46
2014-2016,5,Female,10-14,73.49
2014-2016,5,Female,15-19   ,68.51
2014-2016,5,Female,20-24   ,63.57
2014-2016,5,Female,25-29   ,58.64
2014-2016,5,Female,30-34   ,53.72
2014-2016,5,Female,35-39   ,48.81
2014-2016,5,Female,40-44   ,43.95
2014-2016,5,Female,45-49   ,39.16
2014-2016,5,Female,50-54   ,34.45
2014-2016,5,Female,55-59   ,29.83
2014-2016,5,Female,60-64   ,25.34
2014-2016,5,Female,65-69   ,21.02
2014-2016,5,Female,70-74   ,16.91
2014-2016,5,Female,75-79   ,13.09
2014-2016,5,Female,80-84   ,9.68
2014-2016,5,Female,85-89   ,6.85
2014-2016,5,Female,90+     ,4.76
2014-2016,6,Male,<1      ,80.46
2014-2016,6,Male,1-4,79.73
2014-2016,6,Male,5-9,75.77
2014-2016,6,Male,10-14,70.8
2014-2016,6,Male,15-19   ,65.82
2014-2016,6,Male,20-24   ,60.92
2014-2016,6,Male,25-29   ,56.05
2014-2016,6,Male,30-34   ,51.2
2014-2016,6,Male,35-39   ,46.36
2014-2016,6,Male,40-44   ,41.56
2014-2016,6,Male,45-49   ,36.83
2014-2016,6,Male,50-54   ,32.19
2014-2016,6,Male,55-59   ,27.63
2014-2016,6,Male,60-64   ,23.26
2014-2016,6,Male,65-69   ,19.11
2014-2016,6,Male,70-74   ,15.21
2014-2016,6,Male,75-79   ,11.63
2014-2016,6,Male,80-84   ,8.53
2014-2016,6,Male,85-89   ,5.99
2014-2016,6,Male,90+     ,4.19
2014-2016,6,Female,<1      ,83.7
2014-2016,6,Female,1-4,82.94
2014-2016,6,Female,5-9,78.97
2014-2016,6,Female,10-14,74
2014-2016,6,Female,15-19   ,69.02
2014-2016,6,Female,20-24   ,64.08
2014-2016,6,Female,25-29   ,59.13
2014-2016,6,Female,30-34   ,54.2
2014-2016,6,Female,35-39   ,49.31
2014-2016,6,Female,40-44   ,44.43
2014-2016,6,Female,45-49   ,39.62
2014-2016,6,Female,50-54   ,34.89
2014-2016,6,Female,55-59   ,30.23
2014-2016,6,Female,60-64   ,25.72
2014-2016,6,Female,65-69   ,21.35
2014-2016,6,Female,70-74   ,17.16
2014-2016,6,Female,75-79   ,13.26
2014-2016,6,Female,80-84   ,9.78
2014-2016,6,Female,85-89   ,6.87
2014-2016,6,Female,90+     ,4.69
2014-2016,7,Male,<1      ,81.1
2014-2016,7,Male,1-4,80.38
2014-2016,7,Male,5-9,76.42
2014-2016,7,Male,10-14,71.45
2014-2016,7,Male,15-19   ,66.48
2014-2016,7,Male,20-24   ,61.56
2014-2016,7,Male,25-29   ,56.68
2014-2016,7,Male,30-34   ,51.82
2014-2016,7,Male,35-39   ,46.97
2014-2016,7,Male,40-44   ,42.15
2014-2016,7,Male,45-49   ,37.39
2014-2016,7,Male,50-54   ,32.68
2014-2016,7,Male,55-59   ,28.08
2014-2016,7,Male,60-64   ,23.64
2014-2016,7,Male,65-69   ,19.46
2014-2016,7,Male,70-74   ,15.46
2014-2016,7,Male,75-79   ,11.81
2014-2016,7,Male,80-84   ,8.63
2014-2016,7,Male,85-89   ,6.06
2014-2016,7,Male,90+     ,4.23
2014-2016,7,Female,<1      ,84.27
2014-2016,7,Female,1-4,83.49
2014-2016,7,Female,5-9,79.52
2014-2016,7,Female,10-14,74.55
2014-2016,7,Female,15-19   ,69.57
2014-2016,7,Female,20-24   ,64.63
2014-2016,7,Female,25-29   ,59.67
2014-2016,7,Female,30-34   ,54.74
2014-2016,7,Female,35-39   ,49.81
2014-2016,7,Female,40-44   ,44.94
2014-2016,7,Female,45-49   ,40.13
2014-2016,7,Female,50-54   ,35.37
2014-2016,7,Female,55-59   ,30.68
2014-2016,7,Female,60-64   ,26.13
2014-2016,7,Female,65-69   ,21.72
2014-2016,7,Female,70-74   ,17.49
2014-2016,7,Female,75-79   ,13.53
2014-2016,7,Female,80-84   ,9.96
2014-2016,7,Female,85-89   ,7
2014-2016,7,Female,90+     ,4.8
2014-2016,8,Male,<1      ,81.56
2014-2016,8,Male,1-4,80.82
2014-2016,8,Male,5-9,76.87
2014-2016,8,Male,10-14,71.89
2014-2016,8,Male,15-19   ,66.92
2014-2016,8,Male,20-24   ,62.01
2014-2016,8,Male,25-29   ,57.13
2014-2016,8,Male,30-34   ,52.26
2014-2016,8,Male,35-39   ,47.39
2014-2016,8,Male,40-44   ,42.57
2014-2016,8,Male,45-49   ,37.78
2014-2016,8,Male,50-54   ,33.07
2014-2016,8,Male,55-59   ,28.45
2014-2016,8,Male,60-64   ,23.97
2014-2016,8,Male,65-69   ,19.72
2014-2016,8,Male,70-74   ,15.71
2014-2016,8,Male,75-79   ,12.04
2014-2016,8,Male,80-84   ,8.82
2014-2016,8,Male,85-89   ,6.23
2014-2016,8,Male,90+     ,4.32
2014-2016,8,Female,<1      ,84.61
2014-2016,8,Female,1-4,83.83
2014-2016,8,Female,5-9,79.86
2014-2016,8,Female,10-14,74.88
2014-2016,8,Female,15-19   ,69.9
2014-2016,8,Female,20-24   ,64.96
2014-2016,8,Female,25-29   ,60.03
2014-2016,8,Female,30-34   ,55.1
2014-2016,8,Female,35-39   ,50.18
2014-2016,8,Female,40-44   ,45.3
2014-2016,8,Female,45-49   ,40.45
2014-2016,8,Female,50-54   ,35.68
2014-2016,8,Female,55-59   ,30.99
2014-2016,8,Female,60-64   ,26.41
2014-2016,8,Female,65-69   ,21.98
2014-2016,8,Female,70-74   ,17.71
2014-2016,8,Female,75-79   ,13.71
2014-2016,8,Female,80-84   ,10.11
2014-2016,8,Female,85-89   ,7.08
2014-2016,8,Female,90+     ,4.82
2014-2016,9,Male,<1      ,82.17
2014-2016,9,Male,1-4,81.4
2014-2016,9,Male,5-9,77.45
2014-2016,9,Male,10-14,72.47
2014-2016,9,Male,15-19   ,67.5
2014-2016,9,Male,20-24   ,62.58
2014-2016,9,Male,25-29   ,57.7
2014-2016,9,Male,30-34   ,52.81
2014-2016,9,Male,35-39   ,47.94
2014-2016,9,Male,40-44   ,43.08
2014-2016,9,Male,45-49   ,38.27
2014-2016,9,Male,50-54   ,33.53
2014-2016,9,Male,55-59   ,28.88
2014-2016,9,Male,60-64   ,24.36
2014-2016,9,Male,65-69   ,20.05
2014-2016,9,Male,70-74   ,16
2014-2016,9,Male,75-79   ,12.26
2014-2016,9,Male,80-84   ,8.97
2014-2016,9,Male,85-89   ,6.3
2014-2016,9,Male,90+     ,4.4
2014-2016,9,Female,<1      ,85.13
2014-2016,9,Female,1-4,84.35
2014-2016,9,Female,5-9,80.4
2014-2016,9,Female,10-14,75.41
2014-2016,9,Female,15-19   ,70.43
2014-2016,9,Female,20-24   ,65.47
2014-2016,9,Female,25-29   ,60.53
2014-2016,9,Female,30-34   ,55.59
2014-2016,9,Female,35-39   ,50.69
2014-2016,9,Female,40-44   ,45.79
2014-2016,9,Female,45-49   ,40.94
2014-2016,9,Female,50-54   ,36.14
2014-2016,9,Female,55-59   ,31.44
2014-2016,9,Female,60-64   ,26.83
2014-2016,9,Female,65-69   ,22.36
2014-2016,9,Female,70-74   ,18.05
2014-2016,9,Female,75-79   ,14.01
2014-2016,9,Female,80-84   ,10.34
2014-2016,9,Female,85-89   ,7.27
2014-2016,9,Female,90+     ,4.99
2014-2016,10,Male,<1      ,83.27
2014-2016,10,Male,1-4,82.5
2014-2016,10,Male,5-9,78.53
2014-2016,10,Male,10-14,73.55
2014-2016,10,Male,15-19   ,68.57
2014-2016,10,Male,20-24   ,63.64
2014-2016,10,Male,25-29   ,58.78
2014-2016,10,Male,30-34   ,53.9
2014-2016,10,Male,35-39   ,49.02
2014-2016,10,Male,40-44   ,44.15
2014-2016,10,Male,45-49   ,39.31
2014-2016,10,Male,50-54   ,34.52
2014-2016,10,Male,55-59   ,29.84
2014-2016,10,Male,60-64   ,25.27
2014-2016,10,Male,65-69   ,20.9
2014-2016,10,Male,70-74   ,16.74
2014-2016,10,Male,75-79   ,12.91
2014-2016,10,Male,80-84   ,9.52
2014-2016,10,Male,85-89   ,6.75
2014-2016,10,Male,90+     ,4.79
2014-2016,10,Female,<1      ,86.2
2014-2016,10,Female,1-4,85.41
2014-2016,10,Female,5-9,81.45
2014-2016,10,Female,10-14,76.47
2014-2016,10,Female,15-19   ,71.5
2014-2016,10,Female,20-24   ,66.54
2014-2016,10,Female,25-29   ,61.6
2014-2016,10,Female,30-34   ,56.66
2014-2016,10,Female,35-39   ,51.74
2014-2016,10,Female,40-44   ,46.84
2014-2016,10,Female,45-49   ,41.96
2014-2016,10,Female,50-54   ,37.12
2014-2016,10,Female,55-59   ,32.38
2014-2016,10,Female,60-64   ,27.74
2014-2016,10,Female,65-69   ,23.2
2014-2016,10,Female,70-74   ,18.83
2014-2016,10,Female,75-79   ,14.68
2014-2016,10,Female,80-84   ,10.9
2014-2016,10,Female,85-89   ,7.75
2014-2016,10,Female,90+     ,5.41
2015-2017,1,Male,<1      ,73.97
2015-2017,1,Male,1-4,73.45
2015-2017,1,Male,5-9,69.52
2015-2017,1,Male,10-14,64.56
2015-2017,1,Male,15-19   ,59.6
2015-2017,1,Male,20-24   ,54.71
2015-2017,1,Male,25-29   ,49.88
2015-2017,1,Male,30-34   ,45.1
2015-2017,1,Male,35-39   ,40.38
2015-2017,1,Male,40-44   ,35.8
2015-2017,1,Male,45-49   ,31.42
2015-2017,1,Male,50-54   ,27.17
2015-2017,1,Male,55-59   ,23.09
2015-2017,1,Male,60-64   ,19.25
2015-2017,1,Male,65-69   ,15.76
2015-2017,1,Male,70-74   ,12.59
2015-2017,1,Male,75-79   ,9.8
2015-2017,1,Male,80-84   ,7.41
2015-2017,1,Male,85-89   ,5.45
2015-2017,1,Male,90+     ,4.05
2015-2017,1,Female,<1      ,78.73
2015-2017,1,Female,1-4,78.15
2015-2017,1,Female,5-9,74.21
2015-2017,1,Female,10-14,69.24
2015-2017,1,Female,15-19   ,64.28
2015-2017,1,Female,20-24   ,59.35
2015-2017,1,Female,25-29   ,54.42
2015-2017,1,Female,30-34   ,49.52
2015-2017,1,Female,35-39   ,44.69
2015-2017,1,Female,40-44   ,39.95
2015-2017,1,Female,45-49   ,35.32
2015-2017,1,Female,50-54   ,30.82
2015-2017,1,Female,55-59   ,26.48
2015-2017,1,Female,60-64   ,22.28
2015-2017,1,Female,65-69   ,18.38
2015-2017,1,Female,70-74   ,14.77
2015-2017,1,Female,75-79   ,11.53
2015-2017,1,Female,80-84   ,8.69
2015-2017,1,Female,85-89   ,6.33
2015-2017,1,Female,90+     ,4.52
2015-2017,2,Male,<1      ,76.12
2015-2017,2,Male,1-4,75.52
2015-2017,2,Male,5-9,71.57
2015-2017,2,Male,10-14,66.62
2015-2017,2,Male,15-19   ,61.65
2015-2017,2,Male,20-24   ,56.75
2015-2017,2,Male,25-29   ,51.9
2015-2017,2,Male,30-34   ,47.07
2015-2017,2,Male,35-39   ,42.29
2015-2017,2,Male,40-44   ,37.59
2015-2017,2,Male,45-49   ,33.03
2015-2017,2,Male,50-54   ,28.62
2015-2017,2,Male,55-59   ,24.39
2015-2017,2,Male,60-64   ,20.37
2015-2017,2,Male,65-69   ,16.64
2015-2017,2,Male,70-74   ,13.23
2015-2017,2,Male,75-79   ,10.18
2015-2017,2,Male,80-84   ,7.6
2015-2017,2,Male,85-89   ,5.52
2015-2017,2,Male,90+     ,3.92
2015-2017,2,Female,<1      ,80.32
2015-2017,2,Female,1-4,79.68
2015-2017,2,Female,5-9,75.74
2015-2017,2,Female,10-14,70.76
2015-2017,2,Female,15-19   ,65.8
2015-2017,2,Female,20-24   ,60.84
2015-2017,2,Female,25-29   ,55.91
2015-2017,2,Female,30-34   ,50.99
2015-2017,2,Female,35-39   ,46.11
2015-2017,2,Female,40-44   ,41.3
2015-2017,2,Female,45-49   ,36.6
2015-2017,2,Female,50-54   ,31.99
2015-2017,2,Female,55-59   ,27.49
2015-2017,2,Female,60-64   ,23.18
2015-2017,2,Female,65-69   ,19.11
2015-2017,2,Female,70-74   ,15.32
2015-2017,2,Female,75-79   ,11.85
2015-2017,2,Female,80-84   ,8.81
2015-2017,2,Female,85-89   ,6.27
2015-2017,2,Female,90+     ,4.34
2015-2017,3,Male,<1      ,77.47
2015-2017,3,Male,1-4,76.83
2015-2017,3,Male,5-9,72.89
2015-2017,3,Male,10-14,67.92
2015-2017,3,Male,15-19   ,62.95
2015-2017,3,Male,20-24   ,58.04
2015-2017,3,Male,25-29   ,53.18
2015-2017,3,Male,30-34   ,48.33
2015-2017,3,Male,35-39   ,43.52
2015-2017,3,Male,40-44   ,38.77
2015-2017,3,Male,45-49   ,34.15
2015-2017,3,Male,50-54   ,29.66
2015-2017,3,Male,55-59   ,25.33
2015-2017,3,Male,60-64   ,21.18
2015-2017,3,Male,65-69   ,17.34
2015-2017,3,Male,70-74   ,13.81
2015-2017,3,Male,75-79   ,10.62
2015-2017,3,Male,80-84   ,7.86
2015-2017,3,Male,85-89   ,5.67
2015-2017,3,Male,90+     ,4.08
2015-2017,3,Female,<1      ,81.57
2015-2017,3,Female,1-4,80.87
2015-2017,3,Female,5-9,76.92
2015-2017,3,Female,10-14,71.94
2015-2017,3,Female,15-19   ,66.97
2015-2017,3,Female,20-24   ,62.03
2015-2017,3,Female,25-29   ,57.08
2015-2017,3,Female,30-34   ,52.15
2015-2017,3,Female,35-39   ,47.26
2015-2017,3,Female,40-44   ,42.43
2015-2017,3,Female,45-49   ,37.69
2015-2017,3,Female,50-54   ,33.01
2015-2017,3,Female,55-59   ,28.48
2015-2017,3,Female,60-64   ,24.11
2015-2017,3,Female,65-69   ,19.96
2015-2017,3,Female,70-74   ,16.02
2015-2017,3,Female,75-79   ,12.41
2015-2017,3,Female,80-84   ,9.2
2015-2017,3,Female,85-89   ,6.57
2015-2017,3,Female,90+     ,4.56
2015-2017,4,Male,<1      ,78.76
2015-2017,4,Male,1-4,78.11
2015-2017,4,Male,5-9,74.16
2015-2017,4,Male,10-14,69.19
2015-2017,4,Male,15-19   ,64.22
2015-2017,4,Male,20-24   ,59.31
2015-2017,4,Male,25-29   ,54.42
2015-2017,4,Male,30-34   ,49.56
2015-2017,4,Male,35-39   ,44.74
2015-2017,4,Male,40-44   ,39.97
2015-2017,4,Male,45-49   ,35.31
2015-2017,4,Male,50-54   ,30.75
2015-2017,4,Male,55-59   ,26.32
2015-2017,4,Male,60-64   ,22.08
2015-2017,4,Male,65-69   ,18.13
2015-2017,4,Male,70-74   ,14.42
2015-2017,4,Male,75-79   ,11.06
2015-2017,4,Male,80-84   ,8.18
2015-2017,4,Male,85-89   ,5.83
2015-2017,4,Male,90+     ,4.14
2015-2017,4,Female,<1      ,82.52
2015-2017,4,Female,1-4,81.8
2015-2017,4,Female,5-9,77.84
2015-2017,4,Female,10-14,72.87
2015-2017,4,Female,15-19   ,67.89
2015-2017,4,Female,20-24   ,62.95
2015-2017,4,Female,25-29   ,58.01
2015-2017,4,Female,30-34   ,53.08
2015-2017,4,Female,35-39   ,48.18
2015-2017,4,Female,40-44   ,43.32
2015-2017,4,Female,45-49   ,38.55
2015-2017,4,Female,50-54   ,33.86
2015-2017,4,Female,55-59   ,29.29
2015-2017,4,Female,60-64   ,24.83
2015-2017,4,Female,65-69   ,20.58
2015-2017,4,Female,70-74   ,16.55
2015-2017,4,Female,75-79   ,12.81
2015-2017,4,Female,80-84   ,9.49
2015-2017,4,Female,85-89   ,6.73
2015-2017,4,Female,90+     ,4.63
2015-2017,5,Male,<1      ,79.7
2015-2017,5,Male,1-4,79.01
2015-2017,5,Male,5-9,75.06
2015-2017,5,Male,10-14,70.09
2015-2017,5,Male,15-19   ,65.12
2015-2017,5,Male,20-24   ,60.22
2015-2017,5,Male,25-29   ,55.35
2015-2017,5,Male,30-34   ,50.49
2015-2017,5,Male,35-39   ,45.65
2015-2017,5,Male,40-44   ,40.86
2015-2017,5,Male,45-49   ,36.16
2015-2017,5,Male,50-54   ,31.56
2015-2017,5,Male,55-59   ,27.06
2015-2017,5,Male,60-64   ,22.76
2015-2017,5,Male,65-69   ,18.69
2015-2017,5,Male,70-74   ,14.87
2015-2017,5,Male,75-79   ,11.35
2015-2017,5,Male,80-84   ,8.34
2015-2017,5,Male,85-89   ,5.91
2015-2017,5,Male,90+     ,4.11
2015-2017,5,Female,<1      ,83.08
2015-2017,5,Female,1-4,82.36
2015-2017,5,Female,5-9,78.39
2015-2017,5,Female,10-14,73.41
2015-2017,5,Female,15-19   ,68.43
2015-2017,5,Female,20-24   ,63.48
2015-2017,5,Female,25-29   ,58.55
2015-2017,5,Female,30-34   ,53.62
2015-2017,5,Female,35-39   ,48.73
2015-2017,5,Female,40-44   ,43.87
2015-2017,5,Female,45-49   ,39.07
2015-2017,5,Female,50-54   ,34.37
2015-2017,5,Female,55-59   ,29.75
2015-2017,5,Female,60-64   ,25.25
2015-2017,5,Female,65-69   ,20.94
2015-2017,5,Female,70-74   ,16.83
2015-2017,5,Female,75-79   ,12.99
2015-2017,5,Female,80-84   ,9.56
2015-2017,5,Female,85-89   ,6.71
2015-2017,5,Female,90+     ,4.6
2015-2017,6,Male,<1      ,80.45
2015-2017,6,Male,1-4,79.72
2015-2017,6,Male,5-9,75.76
2015-2017,6,Male,10-14,70.78
2015-2017,6,Male,15-19   ,65.8
2015-2017,6,Male,20-24   ,60.89
2015-2017,6,Male,25-29   ,56.03
2015-2017,6,Male,30-34   ,51.17
2015-2017,6,Male,35-39   ,46.32
2015-2017,6,Male,40-44   ,41.52
2015-2017,6,Male,45-49   ,36.79
2015-2017,6,Male,50-54   ,32.14
2015-2017,6,Male,55-59   ,27.59
2015-2017,6,Male,60-64   ,23.21
2015-2017,6,Male,65-69   ,19.07
2015-2017,6,Male,70-74   ,15.17
2015-2017,6,Male,75-79   ,11.59
2015-2017,6,Male,80-84   ,8.48
2015-2017,6,Male,85-89   ,5.94
2015-2017,6,Male,90+     ,4.12
2015-2017,6,Female,<1      ,83.7
2015-2017,6,Female,1-4,82.95
2015-2017,6,Female,5-9,78.99
2015-2017,6,Female,10-14,74.01
2015-2017,6,Female,15-19   ,69.03
2015-2017,6,Female,20-24   ,64.09
2015-2017,6,Female,25-29   ,59.15
2015-2017,6,Female,30-34   ,54.22
2015-2017,6,Female,35-39   ,49.32
2015-2017,6,Female,40-44   ,44.44
2015-2017,6,Female,45-49   ,39.62
2015-2017,6,Female,50-54   ,34.89
2015-2017,6,Female,55-59   ,30.24
2015-2017,6,Female,60-64   ,25.71
2015-2017,6,Female,65-69   ,21.31
2015-2017,6,Female,70-74   ,17.15
2015-2017,6,Female,75-79   ,13.23
2015-2017,6,Female,80-84   ,9.76
2015-2017,6,Female,85-89   ,6.82
2015-2017,6,Female,90+     ,4.61
2015-2017,7,Male,<1      ,81.09
2015-2017,7,Male,1-4,80.38
2015-2017,7,Male,5-9,76.41
2015-2017,7,Male,10-14,71.44
2015-2017,7,Male,15-19   ,66.46
2015-2017,7,Male,20-24   ,61.55
2015-2017,7,Male,25-29   ,56.67
2015-2017,7,Male,30-34   ,51.8
2015-2017,7,Male,35-39   ,46.96
2015-2017,7,Male,40-44   ,42.14
2015-2017,7,Male,45-49   ,37.39
2015-2017,7,Male,50-54   ,32.7
2015-2017,7,Male,55-59   ,28.12
2015-2017,7,Male,60-64   ,23.67
2015-2017,7,Male,65-69   ,19.46
2015-2017,7,Male,70-74   ,15.47
2015-2017,7,Male,75-79   ,11.8
2015-2017,7,Male,80-84   ,8.61
2015-2017,7,Male,85-89   ,6.04
2015-2017,7,Male,90+     ,4.14
2015-2017,7,Female,<1      ,84.24
2015-2017,7,Female,1-4,83.46
2015-2017,7,Female,5-9,79.49
2015-2017,7,Female,10-14,74.52
2015-2017,7,Female,15-19   ,69.55
2015-2017,7,Female,20-24   ,64.6
2015-2017,7,Female,25-29   ,59.64
2015-2017,7,Female,30-34   ,54.7
2015-2017,7,Female,35-39   ,49.8
2015-2017,7,Female,40-44   ,44.92
2015-2017,7,Female,45-49   ,40.09
2015-2017,7,Female,50-54   ,35.33
2015-2017,7,Female,55-59   ,30.65
2015-2017,7,Female,60-64   ,26.09
2015-2017,7,Female,65-69   ,21.67
2015-2017,7,Female,70-74   ,17.44
2015-2017,7,Female,75-79   ,13.45
2015-2017,7,Female,80-84   ,9.88
2015-2017,7,Female,85-89   ,6.9
2015-2017,7,Female,90+     ,4.65
2015-2017,8,Male,<1      ,81.58
2015-2017,8,Male,1-4,80.85
2015-2017,8,Male,5-9,76.89
2015-2017,8,Male,10-14,71.91
2015-2017,8,Male,15-19   ,66.94
2015-2017,8,Male,20-24   ,62.03
2015-2017,8,Male,25-29   ,57.16
2015-2017,8,Male,30-34   ,52.29
2015-2017,8,Male,35-39   ,47.41
2015-2017,8,Male,40-44   ,42.58
2015-2017,8,Male,45-49   ,37.8
2015-2017,8,Male,50-54   ,33.1
2015-2017,8,Male,55-59   ,28.47
2015-2017,8,Male,60-64   ,24
2015-2017,8,Male,65-69   ,19.74
2015-2017,8,Male,70-74   ,15.73
2015-2017,8,Male,75-79   ,12.03
2015-2017,8,Male,80-84   ,8.83
2015-2017,8,Male,85-89   ,6.18
2015-2017,8,Male,90+     ,4.25
2015-2017,8,Female,<1      ,84.63
2015-2017,8,Female,1-4,83.84
2015-2017,8,Female,5-9,79.87
2015-2017,8,Female,10-14,74.89
2015-2017,8,Female,15-19   ,69.92
2015-2017,8,Female,20-24   ,64.97
2015-2017,8,Female,25-29   ,60.03
2015-2017,8,Female,30-34   ,55.11
2015-2017,8,Female,35-39   ,50.2
2015-2017,8,Female,40-44   ,45.31
2015-2017,8,Female,45-49   ,40.46
2015-2017,8,Female,50-54   ,35.69
2015-2017,8,Female,55-59   ,31
2015-2017,8,Female,60-64   ,26.41
2015-2017,8,Female,65-69   ,21.96
2015-2017,8,Female,70-74   ,17.68
2015-2017,8,Female,75-79   ,13.67
2015-2017,8,Female,80-84   ,10.05
2015-2017,8,Female,85-89   ,7.02
2015-2017,8,Female,90+     ,4.76
2015-2017,9,Male,<1      ,82.24
2015-2017,9,Male,1-4,81.49
2015-2017,9,Male,5-9,77.53
2015-2017,9,Male,10-14,72.55
2015-2017,9,Male,15-19   ,67.57
2015-2017,9,Male,20-24   ,62.65
2015-2017,9,Male,25-29   ,57.79
2015-2017,9,Male,30-34   ,52.89
2015-2017,9,Male,35-39   ,48.03
2015-2017,9,Male,40-44   ,43.17
2015-2017,9,Male,45-49   ,38.36
2015-2017,9,Male,50-54   ,33.6
2015-2017,9,Male,55-59   ,28.95
2015-2017,9,Male,60-64   ,24.42
2015-2017,9,Male,65-69   ,20.11
2015-2017,9,Male,70-74   ,16.05
2015-2017,9,Male,75-79   ,12.28
2015-2017,9,Male,80-84   ,9
2015-2017,9,Male,85-89   ,6.32
2015-2017,9,Male,90+     ,4.4
2015-2017,9,Female,<1      ,85.14
2015-2017,9,Female,1-4,84.37
2015-2017,9,Female,5-9,80.41
2015-2017,9,Female,10-14,75.42
2015-2017,9,Female,15-19   ,70.44
2015-2017,9,Female,20-24   ,65.48
2015-2017,9,Female,25-29   ,60.53
2015-2017,9,Female,30-34   ,55.6
2015-2017,9,Female,35-39   ,50.69
2015-2017,9,Female,40-44   ,45.8
2015-2017,9,Female,45-49   ,40.94
2015-2017,9,Female,50-54   ,36.14
2015-2017,9,Female,55-59   ,31.44
2015-2017,9,Female,60-64   ,26.82
2015-2017,9,Female,65-69   ,22.35
2015-2017,9,Female,70-74   ,18.05
2015-2017,9,Female,75-79   ,13.98
2015-2017,9,Female,80-84   ,10.31
2015-2017,9,Female,85-89   ,7.22
2015-2017,9,Female,90+     ,4.93
2015-2017,10,Male,<1      ,83.32
2015-2017,10,Male,1-4,82.56
2015-2017,10,Male,5-9,78.59
2015-2017,10,Male,10-14,73.61
2015-2017,10,Male,15-19   ,68.64
2015-2017,10,Male,20-24   ,63.71
2015-2017,10,Male,25-29   ,58.84
2015-2017,10,Male,30-34   ,53.96
2015-2017,10,Male,35-39   ,49.08
2015-2017,10,Male,40-44   ,44.21
2015-2017,10,Male,45-49   ,39.37
2015-2017,10,Male,50-54   ,34.59
2015-2017,10,Male,55-59   ,29.89
2015-2017,10,Male,60-64   ,25.3
2015-2017,10,Male,65-69   ,20.92
2015-2017,10,Male,70-74   ,16.76
2015-2017,10,Male,75-79   ,12.92
2015-2017,10,Male,80-84   ,9.53
2015-2017,10,Male,85-89   ,6.72
2015-2017,10,Male,90+     ,4.72
2015-2017,10,Female,<1      ,86.22
2015-2017,10,Female,1-4,85.42
2015-2017,10,Female,5-9,81.44
2015-2017,10,Female,10-14,76.47
2015-2017,10,Female,15-19   ,71.49
2015-2017,10,Female,20-24   ,66.53
2015-2017,10,Female,25-29   ,61.59
2015-2017,10,Female,30-34   ,56.65
2015-2017,10,Female,35-39   ,51.72
2015-2017,10,Female,40-44   ,46.81
2015-2017,10,Female,45-49   ,41.94
2015-2017,10,Female,50-54   ,37.11
2015-2017,10,Female,55-59   ,32.37
2015-2017,10,Female,60-64   ,27.73
2015-2017,10,Female,65-69   ,23.19
2015-2017,10,Female,70-74   ,18.82
2015-2017,10,Female,75-79   ,14.64
2015-2017,10,Female,80-84   ,10.86
2015-2017,10,Female,85-89   ,7.65
2015-2017,10,Female,90+     ,5.28
2016-2018,1,Male,<1      ,73.89
2016-2018,1,Male,1-4,73.37
2016-2018,1,Male,5-9,69.44
2016-2018,1,Male,10-14,64.47
2016-2018,1,Male,15-19   ,59.52
2016-2018,1,Male,20-24   ,54.63
2016-2018,1,Male,25-29   ,49.82
2016-2018,1,Male,30-34   ,45.04
2016-2018,1,Male,35-39   ,40.34
2016-2018,1,Male,40-44   ,35.78
2016-2018,1,Male,45-49   ,31.41
2016-2018,1,Male,50-54   ,27.2
2016-2018,1,Male,55-59   ,23.15
2016-2018,1,Male,60-64   ,19.31
2016-2018,1,Male,65-69   ,15.78
2016-2018,1,Male,70-74   ,12.62
2016-2018,1,Male,75-79   ,9.83
2016-2018,1,Male,80-84   ,7.44
2016-2018,1,Male,85-89   ,5.49
2016-2018,1,Male,90+     ,4.09
2016-2018,1,Female,<1      ,78.6
2016-2018,1,Female,1-4,78.01
2016-2018,1,Female,5-9,74.07
2016-2018,1,Female,10-14,69.1
2016-2018,1,Female,15-19   ,64.13
2016-2018,1,Female,20-24   ,59.19
2016-2018,1,Female,25-29   ,54.26
2016-2018,1,Female,30-34   ,49.38
2016-2018,1,Female,35-39   ,44.55
2016-2018,1,Female,40-44   ,39.81
2016-2018,1,Female,45-49   ,35.19
2016-2018,1,Female,50-54   ,30.71
2016-2018,1,Female,55-59   ,26.36
2016-2018,1,Female,60-64   ,22.2
2016-2018,1,Female,65-69   ,18.33
2016-2018,1,Female,70-74   ,14.74
2016-2018,1,Female,75-79   ,11.5
2016-2018,1,Female,80-84   ,8.67
2016-2018,1,Female,85-89   ,6.26
2016-2018,1,Female,90+     ,4.42
2016-2018,2,Male,<1      ,76.15
2016-2018,2,Male,1-4,75.53
2016-2018,2,Male,5-9,71.59
2016-2018,2,Male,10-14,66.62
2016-2018,2,Male,15-19   ,61.66
2016-2018,2,Male,20-24   ,56.78
2016-2018,2,Male,25-29   ,51.94
2016-2018,2,Male,30-34   ,47.13
2016-2018,2,Male,35-39   ,42.37
2016-2018,2,Male,40-44   ,37.66
2016-2018,2,Male,45-49   ,33.12
2016-2018,2,Male,50-54   ,28.71
2016-2018,2,Male,55-59   ,24.48
2016-2018,2,Male,60-64   ,20.46
2016-2018,2,Male,65-69   ,16.72
2016-2018,2,Male,70-74   ,13.32
2016-2018,2,Male,75-79   ,10.27
2016-2018,2,Male,80-84   ,7.66
2016-2018,2,Male,85-89   ,5.51
2016-2018,2,Male,90+     ,3.99
2016-2018,2,Female,<1      ,80.45
2016-2018,2,Female,1-4,79.8
2016-2018,2,Female,5-9,75.85
2016-2018,2,Female,10-14,70.88
2016-2018,2,Female,15-19   ,65.92
2016-2018,2,Female,20-24   ,60.97
2016-2018,2,Female,25-29   ,56.05
2016-2018,2,Female,30-34   ,51.13
2016-2018,2,Female,35-39   ,46.25
2016-2018,2,Female,40-44   ,41.45
2016-2018,2,Female,45-49   ,36.72
2016-2018,2,Female,50-54   ,32.11
2016-2018,2,Female,55-59   ,27.63
2016-2018,2,Female,60-64   ,23.31
2016-2018,2,Female,65-69   ,19.22
2016-2018,2,Female,70-74   ,15.4
2016-2018,2,Female,75-79   ,11.92
2016-2018,2,Female,80-84   ,8.85
2016-2018,2,Female,85-89   ,6.29
2016-2018,2,Female,90+     ,4.38
2016-2018,3,Male,<1      ,77.65
2016-2018,3,Male,1-4,77.01
2016-2018,3,Male,5-9,73.06
2016-2018,3,Male,10-14,68.09
2016-2018,3,Male,15-19   ,63.12
2016-2018,3,Male,20-24   ,58.21
2016-2018,3,Male,25-29   ,53.34
2016-2018,3,Male,30-34   ,48.48
2016-2018,3,Male,35-39   ,43.68
2016-2018,3,Male,40-44   ,38.93
2016-2018,3,Male,45-49   ,34.3
2016-2018,3,Male,50-54   ,29.81
2016-2018,3,Male,55-59   ,25.47
2016-2018,3,Male,60-64   ,21.33
2016-2018,3,Male,65-69   ,17.46
2016-2018,3,Male,70-74   ,13.93
2016-2018,3,Male,75-79   ,10.68
2016-2018,3,Male,80-84   ,7.94
2016-2018,3,Male,85-89   ,5.71
2016-2018,3,Male,90+     ,4.09
2016-2018,3,Female,<1      ,81.67
2016-2018,3,Female,1-4,80.97
2016-2018,3,Female,5-9,77.02
2016-2018,3,Female,10-14,72.04
2016-2018,3,Female,15-19   ,67.07
2016-2018,3,Female,20-24   ,62.12
2016-2018,3,Female,25-29   ,57.17
2016-2018,3,Female,30-34   ,52.24
2016-2018,3,Female,35-39   ,47.35
2016-2018,3,Female,40-44   ,42.53
2016-2018,3,Female,45-49   ,37.79
2016-2018,3,Female,50-54   ,33.13
2016-2018,3,Female,55-59   ,28.59
2016-2018,3,Female,60-64   ,24.2
2016-2018,3,Female,65-69   ,20.05
2016-2018,3,Female,70-74   ,16.1
2016-2018,3,Female,75-79   ,12.47
2016-2018,3,Female,80-84   ,9.29
2016-2018,3,Female,85-89   ,6.64
2016-2018,3,Female,90+     ,4.6
2016-2018,4,Male,<1      ,78.81
2016-2018,4,Male,1-4,78.15
2016-2018,4,Male,5-9,74.21
2016-2018,4,Male,10-14,69.25
2016-2018,4,Male,15-19   ,64.28
2016-2018,4,Male,20-24   ,59.37
2016-2018,4,Male,25-29   ,54.48
2016-2018,4,Male,30-34   ,49.63
2016-2018,4,Male,35-39   ,44.8
2016-2018,4,Male,40-44   ,40.04
2016-2018,4,Male,45-49   ,35.39
2016-2018,4,Male,50-54   ,30.85
2016-2018,4,Male,55-59   ,26.42
2016-2018,4,Male,60-64   ,22.19
2016-2018,4,Male,65-69   ,18.22
2016-2018,4,Male,70-74   ,14.54
2016-2018,4,Male,75-79   ,11.15
2016-2018,4,Male,80-84   ,8.26
2016-2018,4,Male,85-89   ,5.9
2016-2018,4,Male,90+     ,4.26
2016-2018,4,Female,<1      ,82.44
2016-2018,4,Female,1-4,81.76
2016-2018,4,Female,5-9,77.8
2016-2018,4,Female,10-14,72.83
2016-2018,4,Female,15-19   ,67.85
2016-2018,4,Female,20-24   ,62.91
2016-2018,4,Female,25-29   ,57.97
2016-2018,4,Female,30-34   ,53.03
2016-2018,4,Female,35-39   ,48.14
2016-2018,4,Female,40-44   ,43.29
2016-2018,4,Female,45-49   ,38.51
2016-2018,4,Female,50-54   ,33.84
2016-2018,4,Female,55-59   ,29.27
2016-2018,4,Female,60-64   ,24.83
2016-2018,4,Female,65-69   ,20.58
2016-2018,4,Female,70-74   ,16.57
2016-2018,4,Female,75-79   ,12.81
2016-2018,4,Female,80-84   ,9.51
2016-2018,4,Female,85-89   ,6.69
2016-2018,4,Female,90+     ,4.58
2016-2018,5,Male,<1      ,79.86
2016-2018,5,Male,1-4,79.15
2016-2018,5,Male,5-9,75.19
2016-2018,5,Male,10-14,70.21
2016-2018,5,Male,15-19   ,65.25
2016-2018,5,Male,20-24   ,60.34
2016-2018,5,Male,25-29   ,55.47
2016-2018,5,Male,30-34   ,50.61
2016-2018,5,Male,35-39   ,45.79
2016-2018,5,Male,40-44   ,41.01
2016-2018,5,Male,45-49   ,36.32
2016-2018,5,Male,50-54   ,31.73
2016-2018,5,Male,55-59   ,27.25
2016-2018,5,Male,60-64   ,22.94
2016-2018,5,Male,65-69   ,18.84
2016-2018,5,Male,70-74   ,15.03
2016-2018,5,Male,75-79   ,11.52
2016-2018,5,Male,80-84   ,8.48
2016-2018,5,Male,85-89   ,5.96
2016-2018,5,Male,90+     ,4.16
2016-2018,5,Female,<1      ,83.35
2016-2018,5,Female,1-4,82.62
2016-2018,5,Female,5-9,78.66
2016-2018,5,Female,10-14,73.67
2016-2018,5,Female,15-19   ,68.7
2016-2018,5,Female,20-24   ,63.75
2016-2018,5,Female,25-29   ,58.81
2016-2018,5,Female,30-34   ,53.89
2016-2018,5,Female,35-39   ,48.99
2016-2018,5,Female,40-44   ,44.13
2016-2018,5,Female,45-49   ,39.34
2016-2018,5,Female,50-54   ,34.63
2016-2018,5,Female,55-59   ,30.01
2016-2018,5,Female,60-64   ,25.51
2016-2018,5,Female,65-69   ,21.19
2016-2018,5,Female,70-74   ,17.07
2016-2018,5,Female,75-79   ,13.21
2016-2018,5,Female,80-84   ,9.77
2016-2018,5,Female,85-89   ,6.85
2016-2018,5,Female,90+     ,4.65
2016-2018,6,Male,<1      ,80.63
2016-2018,6,Male,1-4,79.89
2016-2018,6,Male,5-9,75.91
2016-2018,6,Male,10-14,70.94
2016-2018,6,Male,15-19   ,65.97
2016-2018,6,Male,20-24   ,61.06
2016-2018,6,Male,25-29   ,56.19
2016-2018,6,Male,30-34   ,51.32
2016-2018,6,Male,35-39   ,46.48
2016-2018,6,Male,40-44   ,41.67
2016-2018,6,Male,45-49   ,36.93
2016-2018,6,Male,50-54   ,32.3
2016-2018,6,Male,55-59   ,27.77
2016-2018,6,Male,60-64   ,23.36
2016-2018,6,Male,65-69   ,19.21
2016-2018,6,Male,70-74   ,15.29
2016-2018,6,Male,75-79   ,11.69
2016-2018,6,Male,80-84   ,8.57
2016-2018,6,Male,85-89   ,6.04
2016-2018,6,Male,90+     ,4.19
2016-2018,6,Female,<1      ,83.89
2016-2018,6,Female,1-4,83.16
2016-2018,6,Female,5-9,79.19
2016-2018,6,Female,10-14,74.22
2016-2018,6,Female,15-19   ,69.24
2016-2018,6,Female,20-24   ,64.29
2016-2018,6,Female,25-29   ,59.35
2016-2018,6,Female,30-34   ,54.41
2016-2018,6,Female,35-39   ,49.5
2016-2018,6,Female,40-44   ,44.62
2016-2018,6,Female,45-49   ,39.82
2016-2018,6,Female,50-54   ,35.08
2016-2018,6,Female,55-59   ,30.43
2016-2018,6,Female,60-64   ,25.9
2016-2018,6,Female,65-69   ,21.49
2016-2018,6,Female,70-74   ,17.32
2016-2018,6,Female,75-79   ,13.38
2016-2018,6,Female,80-84   ,9.87
2016-2018,6,Female,85-89   ,6.88
2016-2018,6,Female,90+     ,4.66
2016-2018,7,Male,<1      ,81.12
2016-2018,7,Male,1-4,80.43
2016-2018,7,Male,5-9,76.46
2016-2018,7,Male,10-14,71.48
2016-2018,7,Male,15-19   ,66.5
2016-2018,7,Male,20-24   ,61.6
2016-2018,7,Male,25-29   ,56.71
2016-2018,7,Male,30-34   ,51.84
2016-2018,7,Male,35-39   ,46.98
2016-2018,7,Male,40-44   ,42.18
2016-2018,7,Male,45-49   ,37.42
2016-2018,7,Male,50-54   ,32.77
2016-2018,7,Male,55-59   ,28.16
2016-2018,7,Male,60-64   ,23.73
2016-2018,7,Male,65-69   ,19.51
2016-2018,7,Male,70-74   ,15.55
2016-2018,7,Male,75-79   ,11.9
2016-2018,7,Male,80-84   ,8.73
2016-2018,7,Male,85-89   ,6.11
2016-2018,7,Male,90+     ,4.22
2016-2018,7,Female,<1      ,84.33
2016-2018,7,Female,1-4,83.55
2016-2018,7,Female,5-9,79.57
2016-2018,7,Female,10-14,74.6
2016-2018,7,Female,15-19   ,69.62
2016-2018,7,Female,20-24   ,64.66
2016-2018,7,Female,25-29   ,59.72
2016-2018,7,Female,30-34   ,54.79
2016-2018,7,Female,35-39   ,49.89
2016-2018,7,Female,40-44   ,45.01
2016-2018,7,Female,45-49   ,40.17
2016-2018,7,Female,50-54   ,35.4
2016-2018,7,Female,55-59   ,30.74
2016-2018,7,Female,60-64   ,26.17
2016-2018,7,Female,65-69   ,21.75
2016-2018,7,Female,70-74   ,17.52
2016-2018,7,Female,75-79   ,13.55
2016-2018,7,Female,80-84   ,9.97
2016-2018,7,Female,85-89   ,6.96
2016-2018,7,Female,90+     ,4.72
2016-2018,8,Male,<1      ,81.75
2016-2018,8,Male,1-4,81
2016-2018,8,Male,5-9,77.04
2016-2018,8,Male,10-14,72.06
2016-2018,8,Male,15-19   ,67.09
2016-2018,8,Male,20-24   ,62.18
2016-2018,8,Male,25-29   ,57.33
2016-2018,8,Male,30-34   ,52.45
2016-2018,8,Male,35-39   ,47.57
2016-2018,8,Male,40-44   ,42.74
2016-2018,8,Male,45-49   ,37.96
2016-2018,8,Male,50-54   ,33.26
2016-2018,8,Male,55-59   ,28.66
2016-2018,8,Male,60-64   ,24.18
2016-2018,8,Male,65-69   ,19.89
2016-2018,8,Male,70-74   ,15.87
2016-2018,8,Male,75-79   ,12.15
2016-2018,8,Male,80-84   ,8.94
2016-2018,8,Male,85-89   ,6.28
2016-2018,8,Male,90+     ,4.34
2016-2018,8,Female,<1      ,84.82
2016-2018,8,Female,1-4,84.02
2016-2018,8,Female,5-9,80.06
2016-2018,8,Female,10-14,75.08
2016-2018,8,Female,15-19   ,70.1
2016-2018,8,Female,20-24   ,65.14
2016-2018,8,Female,25-29   ,60.19
2016-2018,8,Female,30-34   ,55.27
2016-2018,8,Female,35-39   ,50.36
2016-2018,8,Female,40-44   ,45.48
2016-2018,8,Female,45-49   ,40.62
2016-2018,8,Female,50-54   ,35.84
2016-2018,8,Female,55-59   ,31.14
2016-2018,8,Female,60-64   ,26.56
2016-2018,8,Female,65-69   ,22.11
2016-2018,8,Female,70-74   ,17.84
2016-2018,8,Female,75-79   ,13.8
2016-2018,8,Female,80-84   ,10.19
2016-2018,8,Female,85-89   ,7.12
2016-2018,8,Female,90+     ,4.83
2016-2018,9,Male,<1      ,82.31
2016-2018,9,Male,1-4,81.57
2016-2018,9,Male,5-9,77.61
2016-2018,9,Male,10-14,72.63
2016-2018,9,Male,15-19   ,67.65
2016-2018,9,Male,20-24   ,62.73
2016-2018,9,Male,25-29   ,57.86
2016-2018,9,Male,30-34   ,52.98
2016-2018,9,Male,35-39   ,48.11
2016-2018,9,Male,40-44   ,43.26
2016-2018,9,Male,45-49   ,38.46
2016-2018,9,Male,50-54   ,33.72
2016-2018,9,Male,55-59   ,29.07
2016-2018,9,Male,60-64   ,24.54
2016-2018,9,Male,65-69   ,20.24
2016-2018,9,Male,70-74   ,16.17
2016-2018,9,Male,75-79   ,12.39
2016-2018,9,Male,80-84   ,9.08
2016-2018,9,Male,85-89   ,6.34
2016-2018,9,Male,90+     ,4.41
2016-2018,9,Female,<1      ,85.25
2016-2018,9,Female,1-4,84.47
2016-2018,9,Female,5-9,80.5
2016-2018,9,Female,10-14,75.52
2016-2018,9,Female,15-19   ,70.54
2016-2018,9,Female,20-24   ,65.6
2016-2018,9,Female,25-29   ,60.66
2016-2018,9,Female,30-34   ,55.72
2016-2018,9,Female,35-39   ,50.81
2016-2018,9,Female,40-44   ,45.92
2016-2018,9,Female,45-49   ,41.07
2016-2018,9,Female,50-54   ,36.28
2016-2018,9,Female,55-59   ,31.57
2016-2018,9,Female,60-64   ,26.94
2016-2018,9,Female,65-69   ,22.46
2016-2018,9,Female,70-74   ,18.14
2016-2018,9,Female,75-79   ,14.06
2016-2018,9,Female,80-84   ,10.38
2016-2018,9,Female,85-89   ,7.26
2016-2018,9,Female,90+     ,4.96
2016-2018,10,Male,<1      ,83.42
2016-2018,10,Male,1-4,82.66
2016-2018,10,Male,5-9,78.68
2016-2018,10,Male,10-14,73.7
2016-2018,10,Male,15-19   ,68.73
2016-2018,10,Male,20-24   ,63.81
2016-2018,10,Male,25-29   ,58.92
2016-2018,10,Male,30-34   ,54.05
2016-2018,10,Male,35-39   ,49.18
2016-2018,10,Male,40-44   ,44.31
2016-2018,10,Male,45-49   ,39.47
2016-2018,10,Male,50-54   ,34.68
2016-2018,10,Male,55-59   ,29.98
2016-2018,10,Male,60-64   ,25.4
2016-2018,10,Male,65-69   ,21.02
2016-2018,10,Male,70-74   ,16.86
2016-2018,10,Male,75-79   ,12.98
2016-2018,10,Male,80-84   ,9.6
2016-2018,10,Male,85-89   ,6.76
2016-2018,10,Male,90+     ,4.72
2016-2018,10,Female,<1      ,86.29
2016-2018,10,Female,1-4,85.49
2016-2018,10,Female,5-9,81.52
2016-2018,10,Female,10-14,76.54
2016-2018,10,Female,15-19   ,71.56
2016-2018,10,Female,20-24   ,66.6
2016-2018,10,Female,25-29   ,61.65
2016-2018,10,Female,30-34   ,56.72
2016-2018,10,Female,35-39   ,51.79
2016-2018,10,Female,40-44   ,46.89
2016-2018,10,Female,45-49   ,42.03
2016-2018,10,Female,50-54   ,37.2
2016-2018,10,Female,55-59   ,32.45
2016-2018,10,Female,60-64   ,27.81
2016-2018,10,Female,65-69   ,23.28
2016-2018,10,Female,70-74   ,18.9
2016-2018,10,Female,75-79   ,14.73
2016-2018,10,Female,80-84   ,10.95
2016-2018,10,Female,85-89   ,7.74
2016-2018,10,Female,90+     ,5.35
2017-2019,1,Male,<1      ,74.08
2017-2019,1,Male,1-4,73.55
2017-2019,1,Male,5-9,69.62
2017-2019,1,Male,10-14,64.65
2017-2019,1,Male,15-19   ,59.7
2017-2019,1,Male,20-24   ,54.81
2017-2019,1,Male,25-29   ,50
2017-2019,1,Male,30-34   ,45.22
2017-2019,1,Male,35-39   ,40.53
2017-2019,1,Male,40-44   ,35.96
2017-2019,1,Male,45-49   ,31.56
2017-2019,1,Male,50-54   ,27.36
2017-2019,1,Male,55-59   ,23.33
2017-2019,1,Male,60-64   ,19.48
2017-2019,1,Male,65-69   ,15.94
2017-2019,1,Male,70-74   ,12.74
2017-2019,1,Male,75-79   ,9.91
2017-2019,1,Male,80-84   ,7.51
2017-2019,1,Male,85-89   ,5.57
2017-2019,1,Male,90+     ,4.16
2017-2019,1,Female,<1      ,78.72
2017-2019,1,Female,1-4,78.13
2017-2019,1,Female,5-9,74.19
2017-2019,1,Female,10-14,69.22
2017-2019,1,Female,15-19   ,64.25
2017-2019,1,Female,20-24   ,59.32
2017-2019,1,Female,25-29   ,54.38
2017-2019,1,Female,30-34   ,49.49
2017-2019,1,Female,35-39   ,44.65
2017-2019,1,Female,40-44   ,39.91
2017-2019,1,Female,45-49   ,35.29
2017-2019,1,Female,50-54   ,30.79
2017-2019,1,Female,55-59   ,26.43
2017-2019,1,Female,60-64   ,22.27
2017-2019,1,Female,65-69   ,18.38
2017-2019,1,Female,70-74   ,14.79
2017-2019,1,Female,75-79   ,11.54
2017-2019,1,Female,80-84   ,8.72
2017-2019,1,Female,85-89   ,6.3
2017-2019,1,Female,90+     ,4.43
2017-2019,2,Male,<1      ,76.28
2017-2019,2,Male,1-4,75.67
2017-2019,2,Male,5-9,71.72
2017-2019,2,Male,10-14,66.76
2017-2019,2,Male,15-19   ,61.79
2017-2019,2,Male,20-24   ,56.9
2017-2019,2,Male,25-29   ,52.07
2017-2019,2,Male,30-34   ,47.26
2017-2019,2,Male,35-39   ,42.48
2017-2019,2,Male,40-44   ,37.82
2017-2019,2,Male,45-49   ,33.26
2017-2019,2,Male,50-54   ,28.86
2017-2019,2,Male,55-59   ,24.63
2017-2019,2,Male,60-64   ,20.6
2017-2019,2,Male,65-69   ,16.85
2017-2019,2,Male,70-74   ,13.45
2017-2019,2,Male,75-79   ,10.39
2017-2019,2,Male,80-84   ,7.75
2017-2019,2,Male,85-89   ,5.6
2017-2019,2,Male,90+     ,4.07
2017-2019,2,Female,<1      ,80.58
2017-2019,2,Female,1-4,79.92
2017-2019,2,Female,5-9,75.97
2017-2019,2,Female,10-14,71
2017-2019,2,Female,15-19   ,66.04
2017-2019,2,Female,20-24   ,61.09
2017-2019,2,Female,25-29   ,56.16
2017-2019,2,Female,30-34   ,51.23
2017-2019,2,Female,35-39   ,46.34
2017-2019,2,Female,40-44   ,41.54
2017-2019,2,Female,45-49   ,36.82
2017-2019,2,Female,50-54   ,32.22
2017-2019,2,Female,55-59   ,27.72
2017-2019,2,Female,60-64   ,23.39
2017-2019,2,Female,65-69   ,19.29
2017-2019,2,Female,70-74   ,15.46
2017-2019,2,Female,75-79   ,11.95
2017-2019,2,Female,80-84   ,8.91
2017-2019,2,Female,85-89   ,6.35
2017-2019,2,Female,90+     ,4.42
2017-2019,3,Male,<1      ,77.8
2017-2019,3,Male,1-4,77.16
2017-2019,3,Male,5-9,73.21
2017-2019,3,Male,10-14,68.23
2017-2019,3,Male,15-19   ,63.27
2017-2019,3,Male,20-24   ,58.37
2017-2019,3,Male,25-29   ,53.5
2017-2019,3,Male,30-34   ,48.65
2017-2019,3,Male,35-39   ,43.85
2017-2019,3,Male,40-44   ,39.1
2017-2019,3,Male,45-49   ,34.46
2017-2019,3,Male,50-54   ,29.98
2017-2019,3,Male,55-59   ,25.65
2017-2019,3,Male,60-64   ,21.49
2017-2019,3,Male,65-69   ,17.6
2017-2019,3,Male,70-74   ,14.05
2017-2019,3,Male,75-79   ,10.79
2017-2019,3,Male,80-84   ,7.99
2017-2019,3,Male,85-89   ,5.75
2017-2019,3,Male,90+     ,4.17
2017-2019,3,Female,<1      ,81.83
2017-2019,3,Female,1-4,81.13
2017-2019,3,Female,5-9,77.17
2017-2019,3,Female,10-14,72.19
2017-2019,3,Female,15-19   ,67.22
2017-2019,3,Female,20-24   ,62.27
2017-2019,3,Female,25-29   ,57.33
2017-2019,3,Female,30-34   ,52.4
2017-2019,3,Female,35-39   ,47.51
2017-2019,3,Female,40-44   ,42.69
2017-2019,3,Female,45-49   ,37.94
2017-2019,3,Female,50-54   ,33.29
2017-2019,3,Female,55-59   ,28.75
2017-2019,3,Female,60-64   ,24.33
2017-2019,3,Female,65-69   ,20.17
2017-2019,3,Female,70-74   ,16.21
2017-2019,3,Female,75-79   ,12.57
2017-2019,3,Female,80-84   ,9.35
2017-2019,3,Female,85-89   ,6.67
2017-2019,3,Female,90+     ,4.64
2017-2019,4,Male,<1      ,78.94
2017-2019,4,Male,1-4,78.29
2017-2019,4,Male,5-9,74.33
2017-2019,4,Male,10-14,69.36
2017-2019,4,Male,15-19   ,64.4
2017-2019,4,Male,20-24   ,59.49
2017-2019,4,Male,25-29   ,54.6
2017-2019,4,Male,30-34   ,49.74
2017-2019,4,Male,35-39   ,44.92
2017-2019,4,Male,40-44   ,40.15
2017-2019,4,Male,45-49   ,35.5
2017-2019,4,Male,50-54   ,30.96
2017-2019,4,Male,55-59   ,26.53
2017-2019,4,Male,60-64   ,22.29
2017-2019,4,Male,65-69   ,18.3
2017-2019,4,Male,70-74   ,14.62
2017-2019,4,Male,75-79   ,11.22
2017-2019,4,Male,80-84   ,8.32
2017-2019,4,Male,85-89   ,5.97
2017-2019,4,Male,90+     ,4.31
2017-2019,4,Female,<1      ,82.58
2017-2019,4,Female,1-4,81.9
2017-2019,4,Female,5-9,77.94
2017-2019,4,Female,10-14,72.97
2017-2019,4,Female,15-19   ,67.99
2017-2019,4,Female,20-24   ,63.06
2017-2019,4,Female,25-29   ,58.12
2017-2019,4,Female,30-34   ,53.19
2017-2019,4,Female,35-39   ,48.3
2017-2019,4,Female,40-44   ,43.45
2017-2019,4,Female,45-49   ,38.67
2017-2019,4,Female,50-54   ,34.01
2017-2019,4,Female,55-59   ,29.43
2017-2019,4,Female,60-64   ,24.98
2017-2019,4,Female,65-69   ,20.72
2017-2019,4,Female,70-74   ,16.68
2017-2019,4,Female,75-79   ,12.91
2017-2019,4,Female,80-84   ,9.6
2017-2019,4,Female,85-89   ,6.77
2017-2019,4,Female,90+     ,4.61
2017-2019,5,Male,<1      ,80
2017-2019,5,Male,1-4,79.3
2017-2019,5,Male,5-9,75.34
2017-2019,5,Male,10-14,70.37
2017-2019,5,Male,15-19   ,65.4
2017-2019,5,Male,20-24   ,60.49
2017-2019,5,Male,25-29   ,55.62
2017-2019,5,Male,30-34   ,50.76
2017-2019,5,Male,35-39   ,45.93
2017-2019,5,Male,40-44   ,41.16
2017-2019,5,Male,45-49   ,36.45
2017-2019,5,Male,50-54   ,31.86
2017-2019,5,Male,55-59   ,27.39
2017-2019,5,Male,60-64   ,23.09
2017-2019,5,Male,65-69   ,18.96
2017-2019,5,Male,70-74   ,15.16
2017-2019,5,Male,75-79   ,11.63
2017-2019,5,Male,80-84   ,8.55
2017-2019,5,Male,85-89   ,6.01
2017-2019,5,Male,90+     ,4.22
2017-2019,5,Female,<1      ,83.46
2017-2019,5,Female,1-4,82.72
2017-2019,5,Female,5-9,78.76
2017-2019,5,Female,10-14,73.78
2017-2019,5,Female,15-19   ,68.81
2017-2019,5,Female,20-24   ,63.86
2017-2019,5,Female,25-29   ,58.93
2017-2019,5,Female,30-34   ,54.01
2017-2019,5,Female,35-39   ,49.11
2017-2019,5,Female,40-44   ,44.25
2017-2019,5,Female,45-49   ,39.45
2017-2019,5,Female,50-54   ,34.75
2017-2019,5,Female,55-59   ,30.13
2017-2019,5,Female,60-64   ,25.62
2017-2019,5,Female,65-69   ,21.31
2017-2019,5,Female,70-74   ,17.18
2017-2019,5,Female,75-79   ,13.29
2017-2019,5,Female,80-84   ,9.84
2017-2019,5,Female,85-89   ,6.91
2017-2019,5,Female,90+     ,4.7
2017-2019,6,Male,<1      ,80.75
2017-2019,6,Male,1-4,80.03
2017-2019,6,Male,5-9,76.07
2017-2019,6,Male,10-14,71.09
2017-2019,6,Male,15-19   ,66.13
2017-2019,6,Male,20-24   ,61.21
2017-2019,6,Male,25-29   ,56.35
2017-2019,6,Male,30-34   ,51.48
2017-2019,6,Male,35-39   ,46.63
2017-2019,6,Male,40-44   ,41.83
2017-2019,6,Male,45-49   ,37.08
2017-2019,6,Male,50-54   ,32.46
2017-2019,6,Male,55-59   ,27.92
2017-2019,6,Male,60-64   ,23.51
2017-2019,6,Male,65-69   ,19.35
2017-2019,6,Male,70-74   ,15.44
2017-2019,6,Male,75-79   ,11.83
2017-2019,6,Male,80-84   ,8.68
2017-2019,6,Male,85-89   ,6.12
2017-2019,6,Male,90+     ,4.25
2017-2019,6,Female,<1      ,84.03
2017-2019,6,Female,1-4,83.31
2017-2019,6,Female,5-9,79.35
2017-2019,6,Female,10-14,74.39
2017-2019,6,Female,15-19   ,69.41
2017-2019,6,Female,20-24   ,64.46
2017-2019,6,Female,25-29   ,59.51
2017-2019,6,Female,30-34   ,54.56
2017-2019,6,Female,35-39   ,49.66
2017-2019,6,Female,40-44   ,44.78
2017-2019,6,Female,45-49   ,39.98
2017-2019,6,Female,50-54   ,35.24
2017-2019,6,Female,55-59   ,30.59
2017-2019,6,Female,60-64   ,26.04
2017-2019,6,Female,65-69   ,21.63
2017-2019,6,Female,70-74   ,17.45
2017-2019,6,Female,75-79   ,13.5
2017-2019,6,Female,80-84   ,9.97
2017-2019,6,Female,85-89   ,7
2017-2019,6,Female,90+     ,4.76
2017-2019,7,Male,<1      ,81.29
2017-2019,7,Male,1-4,80.58
2017-2019,7,Male,5-9,76.6
2017-2019,7,Male,10-14,71.62
2017-2019,7,Male,15-19   ,66.65
2017-2019,7,Male,20-24   ,61.73
2017-2019,7,Male,25-29   ,56.86
2017-2019,7,Male,30-34   ,51.99
2017-2019,7,Male,35-39   ,47.13
2017-2019,7,Male,40-44   ,42.31
2017-2019,7,Male,45-49   ,37.55
2017-2019,7,Male,50-54   ,32.89
2017-2019,7,Male,55-59   ,28.31
2017-2019,7,Male,60-64   ,23.88
2017-2019,7,Male,65-69   ,19.65
2017-2019,7,Male,70-74   ,15.67
2017-2019,7,Male,75-79   ,12.01
2017-2019,7,Male,80-84   ,8.81
2017-2019,7,Male,85-89   ,6.16
2017-2019,7,Male,90+     ,4.23
2017-2019,7,Female,<1      ,84.56
2017-2019,7,Female,1-4,83.78
2017-2019,7,Female,5-9,79.81
2017-2019,7,Female,10-14,74.83
2017-2019,7,Female,15-19   ,69.86
2017-2019,7,Female,20-24   ,64.89
2017-2019,7,Female,25-29   ,59.96
2017-2019,7,Female,30-34   ,55.03
2017-2019,7,Female,35-39   ,50.13
2017-2019,7,Female,40-44   ,45.25
2017-2019,7,Female,45-49   ,40.39
2017-2019,7,Female,50-54   ,35.63
2017-2019,7,Female,55-59   ,30.96
2017-2019,7,Female,60-64   ,26.38
2017-2019,7,Female,65-69   ,21.94
2017-2019,7,Female,70-74   ,17.68
2017-2019,7,Female,75-79   ,13.67
2017-2019,7,Female,80-84   ,10.05
2017-2019,7,Female,85-89   ,7.04
2017-2019,7,Female,90+     ,4.76
2017-2019,8,Male,<1      ,81.87
2017-2019,8,Male,1-4,81.12
2017-2019,8,Male,5-9,77.16
2017-2019,8,Male,10-14,72.18
2017-2019,8,Male,15-19   ,67.21
2017-2019,8,Male,20-24   ,62.29
2017-2019,8,Male,25-29   ,57.44
2017-2019,8,Male,30-34   ,52.56
2017-2019,8,Male,35-39   ,47.68
2017-2019,8,Male,40-44   ,42.85
2017-2019,8,Male,45-49   ,38.07
2017-2019,8,Male,50-54   ,33.37
2017-2019,8,Male,55-59   ,28.77
2017-2019,8,Male,60-64   ,24.3
2017-2019,8,Male,65-69   ,20.01
2017-2019,8,Male,70-74   ,16.01
2017-2019,8,Male,75-79   ,12.26
2017-2019,8,Male,80-84   ,9.04
2017-2019,8,Male,85-89   ,6.35
2017-2019,8,Male,90+     ,4.39
2017-2019,8,Female,<1      ,84.95
2017-2019,8,Female,1-4,84.15
2017-2019,8,Female,5-9,80.18
2017-2019,8,Female,10-14,75.2
2017-2019,8,Female,15-19   ,70.22
2017-2019,8,Female,20-24   ,65.27
2017-2019,8,Female,25-29   ,60.32
2017-2019,8,Female,30-34   ,55.4
2017-2019,8,Female,35-39   ,50.49
2017-2019,8,Female,40-44   ,45.61
2017-2019,8,Female,45-49   ,40.75
2017-2019,8,Female,50-54   ,35.97
2017-2019,8,Female,55-59   ,31.27
2017-2019,8,Female,60-64   ,26.68
2017-2019,8,Female,65-69   ,22.23
2017-2019,8,Female,70-74   ,17.95
2017-2019,8,Female,75-79   ,13.9
2017-2019,8,Female,80-84   ,10.26
2017-2019,8,Female,85-89   ,7.16
2017-2019,8,Female,90+     ,4.85
2017-2019,9,Male,<1      ,82.37
2017-2019,9,Male,1-4,81.66
2017-2019,9,Male,5-9,77.69
2017-2019,9,Male,10-14,72.71
2017-2019,9,Male,15-19   ,67.73
2017-2019,9,Male,20-24   ,62.82
2017-2019,9,Male,25-29   ,57.95
2017-2019,9,Male,30-34   ,53.08
2017-2019,9,Male,35-39   ,48.23
2017-2019,9,Male,40-44   ,43.38
2017-2019,9,Male,45-49   ,38.59
2017-2019,9,Male,50-54   ,33.85
2017-2019,9,Male,55-59   ,29.21
2017-2019,9,Male,60-64   ,24.69
2017-2019,9,Male,65-69   ,20.37
2017-2019,9,Male,70-74   ,16.31
2017-2019,9,Male,75-79   ,12.51
2017-2019,9,Male,80-84   ,9.18
2017-2019,9,Male,85-89   ,6.39
2017-2019,9,Male,90+     ,4.46
2017-2019,9,Female,<1      ,85.44
2017-2019,9,Female,1-4,84.67
2017-2019,9,Female,5-9,80.69
2017-2019,9,Female,10-14,75.71
2017-2019,9,Female,15-19   ,70.72
2017-2019,9,Female,20-24   ,65.78
2017-2019,9,Female,25-29   ,60.85
2017-2019,9,Female,30-34   ,55.91
2017-2019,9,Female,35-39   ,51
2017-2019,9,Female,40-44   ,46.1
2017-2019,9,Female,45-49   ,41.26
2017-2019,9,Female,50-54   ,36.48
2017-2019,9,Female,55-59   ,31.77
2017-2019,9,Female,60-64   ,27.15
2017-2019,9,Female,65-69   ,22.66
2017-2019,9,Female,70-74   ,18.33
2017-2019,9,Female,75-79   ,14.24
2017-2019,9,Female,80-84   ,10.53
2017-2019,9,Female,85-89   ,7.36
2017-2019,9,Female,90+     ,5.02
2017-2019,10,Male,<1      ,83.51
2017-2019,10,Male,1-4,82.73
2017-2019,10,Male,5-9,78.75
2017-2019,10,Male,10-14,73.78
2017-2019,10,Male,15-19   ,68.8
2017-2019,10,Male,20-24   ,63.89
2017-2019,10,Male,25-29   ,58.99
2017-2019,10,Male,30-34   ,54.11
2017-2019,10,Male,35-39   ,49.25
2017-2019,10,Male,40-44   ,44.39
2017-2019,10,Male,45-49   ,39.55
2017-2019,10,Male,50-54   ,34.77
2017-2019,10,Male,55-59   ,30.08
2017-2019,10,Male,60-64   ,25.49
2017-2019,10,Male,65-69   ,21.12
2017-2019,10,Male,70-74   ,16.95
2017-2019,10,Male,75-79   ,13.04
2017-2019,10,Male,80-84   ,9.63
2017-2019,10,Male,85-89   ,6.79
2017-2019,10,Male,90+     ,4.75
2017-2019,10,Female,<1      ,86.41
2017-2019,10,Female,1-4,85.62
2017-2019,10,Female,5-9,81.64
2017-2019,10,Female,10-14,76.67
2017-2019,10,Female,15-19   ,71.69
2017-2019,10,Female,20-24   ,66.72
2017-2019,10,Female,25-29   ,61.78
2017-2019,10,Female,30-34   ,56.85
2017-2019,10,Female,35-39   ,51.93
2017-2019,10,Female,40-44   ,47.03
2017-2019,10,Female,45-49   ,42.17
2017-2019,10,Female,50-54   ,37.35
2017-2019,10,Female,55-59   ,32.59
2017-2019,10,Female,60-64   ,27.93
2017-2019,10,Female,65-69   ,23.39
2017-2019,10,Female,70-74   ,18.99
2017-2019,10,Female,75-79   ,14.81
2017-2019,10,Female,80-84   ,11.02
2017-2019,10,Female,85-89   ,7.78
2017-2019,10,Female,90+     ,5.39
